id_registro,timestamp,id_equipamento,regiao,umidade_solo_pct,inclinacao_lateral_graus,precipitacao_3h_mm,dist_corpo_agua_m,velocidade_kmh,temperatura_c,horas_operacao_dia,score_risco,nivel_risco,alerta_ativo
1,2025-03-30 18:45:00,EQ-007,Soja-PR,42.6,5.2,6.5,309,21.6,27.7,9.5,21,BAIXO,0
2,2025-03-30 19:30:00,EQ-020,Cana-SP,69.0,5.5,2.2,276,15.6,20.5,6.7,34,BAIXO,0
3,2025-03-30 20:15:00,EQ-015,Soja-PR,75.6,1.8,25.4,357,14.4,31.7,7.4,43,MEDIO,0
4,2025-03-30 21:00:00,EQ-011,Cana-SP,57.2,7.2,9.8,135,29.7,30.4,7.5,42,MEDIO,0
5,2025-03-30 21:45:00,EQ-008,Cerrado-MT,64.3,1.6,3.2,521,9.3,36.9,7.6,21,BAIXO,0
6,2025-03-30 22:30:00,EQ-007,Cana-SP,97.4,3.2,8.4,68,17.6,34.7,8.3,54,MEDIO,0
7,2025-03-30 23:15:00,EQ-019,Cana-SP,31.5,15.4,15.8,190,9.2,30.1,8.4,53,MEDIO,0
8,2025-03-31 00:00:00,EQ-011,Arroz-RS,30.3,1.9,38.1,484,25.9,25.2,8.3,38,MEDIO,0
9,2025-03-31 00:45:00,EQ-011,Cana-SP,68.9,0.6,3.0,60,18.0,29.2,7.7,51,MEDIO,0
10,2025-03-31 01:30:00,EQ-004,Cana-SP,93.9,0.6,26.1,35,19.1,27.3,9.3,74,ALTO,1
11,2025-03-31 02:15:00,EQ-008,Cerrado-MT,49.8,22.6,32.7,645,34.6,33.7,8.4,48,MEDIO,0
12,2025-03-31 03:00:00,EQ-003,Arroz-RS,89.5,5.7,29.8,126,14.4,33.0,5.8,62,ALTO,1
13,2025-03-31 03:45:00,EQ-002,Milho-GO,56.9,4.2,12.1,345,28.5,26.2,9.1,32,BAIXO,0
14,2025-03-31 04:30:00,EQ-012,Cerrado-MT,41.4,13.3,11.9,10,15.7,19.2,8.8,47,MEDIO,0
15,2025-03-31 05:15:00,EQ-006,Cerrado-MT,35.2,14.5,6.2,351,16.6,36.0,5.8,28,BAIXO,0
16,2025-03-31 06:00:00,EQ-002,Milho-GO,67.6,3.2,16.8,114,33.8,31.5,7.8,45,MEDIO,0
17,2025-03-31 06:45:00,EQ-001,Cana-SP,36.7,9.5,9.1,17,17.0,26.1,10.2,50,MEDIO,0
18,2025-03-31 07:30:00,EQ-012,Soja-PR,56.6,11.8,13.6,282,9.8,31.3,6.7,40,MEDIO,0
19,2025-03-31 08:15:00,EQ-012,Arroz-RS,86.7,8.5,6.7,83,19.7,28.4,6.5,58,ALTO,1
20,2025-03-31 09:00:00,EQ-017,Soja-PR,48.9,1.3,15.8,147,17.0,35.9,8.4,38,MEDIO,0
21,2025-03-31 09:45:00,EQ-010,Milho-GO,81.3,16.7,20.9,25,20.2,16.4,10.2,86,CRITICO,1
22,2025-03-31 10:30:00,EQ-016,Cerrado-MT,30.7,6.2,1.9,48,17.2,25.6,12.6,40,MEDIO,0
23,2025-03-31 11:15:00,EQ-015,Cerrado-MT,44.3,2.7,21.5,106,31.3,37.6,10.3,41,MEDIO,0
24,2025-03-31 12:00:00,EQ-015,Arroz-RS,26.9,4.4,9.3,28,21.3,31.4,11.2,40,MEDIO,0
25,2025-03-31 12:45:00,EQ-019,Cerrado-MT,56.5,0.3,22.3,725,11.6,38.6,9.7,38,MEDIO,0
26,2025-03-31 13:30:00,EQ-012,Cerrado-MT,70.6,1.1,6.8,10,18.7,20.7,7.6,48,MEDIO,0
27,2025-03-31 14:15:00,EQ-020,Arroz-RS,56.5,11.6,5.7,198,13.2,34.4,10.3,41,MEDIO,0
28,2025-03-31 15:00:00,EQ-003,Arroz-RS,79.5,0.0,29.6,39,16.5,34.1,8.8,69,ALTO,1
29,2025-03-31 15:45:00,EQ-005,Milho-GO,40.0,4.3,3.5,110,12.5,17.9,9.8,27,BAIXO,0
30,2025-03-31 16:30:00,EQ-019,Cerrado-MT,59.5,5.9,22.3,781,30.6,26.2,7.1,40,MEDIO,0
31,2025-03-31 17:15:00,EQ-007,Cerrado-MT,44.5,0.4,7.9,53,13.9,27.4,9.9,28,BAIXO,0
32,2025-03-31 18:00:00,EQ-009,Milho-GO,62.2,28.9,8.7,1013,22.1,18.3,8.8,45,MEDIO,0
33,2025-03-31 18:45:00,EQ-007,Cana-SP,65.1,2.1,4.4,69,16.1,26.4,9.5,45,MEDIO,0
34,2025-03-31 19:30:00,EQ-018,Cana-SP,66.6,2.9,10.2,406,11.0,33.2,8.8,42,MEDIO,0
35,2025-03-31 20:15:00,EQ-004,Cana-SP,33.6,2.9,4.7,237,19.2,25.7,8.4,22,BAIXO,0
36,2025-03-31 21:00:00,EQ-014,Milho-GO,37.2,2.1,0.5,647,20.4,29.5,10.0,13,BAIXO,0
37,2025-03-31 21:45:00,EQ-018,Cerrado-MT,40.9,0.0,3.8,242,21.4,29.5,8.2,22,BAIXO,0
38,2025-03-31 22:30:00,EQ-009,Milho-GO,50.2,10.5,0.1,229,2.3,27.9,5.8,27,BAIXO,0
39,2025-03-31 23:15:00,EQ-002,Milho-GO,56.7,27.3,46.0,65,10.6,23.8,5.3,78,CRITICO,1
40,2025-04-01 00:00:00,EQ-020,Cana-SP,69.2,2.0,40.5,55,23.7,32.0,9.4,68,ALTO,1
41,2025-04-01 00:45:00,EQ-015,Soja-PR,38.0,8.7,6.0,745,12.5,18.5,8.1,16,BAIXO,0
42,2025-04-01 01:30:00,EQ-007,Cerrado-MT,23.0,10.8,15.6,119,19.2,28.1,5.5,40,MEDIO,0
43,2025-04-01 02:15:00,EQ-012,Cana-SP,98.1,15.1,5.1,140,10.5,36.3,9.2,62,ALTO,1
44,2025-04-01 03:00:00,EQ-008,Soja-PR,32.4,4.4,13.3,428,22.4,25.3,8.8,23,BAIXO,0
45,2025-04-01 03:45:00,EQ-015,Soja-PR,71.7,2.9,19.6,124,23.6,23.6,8.0,43,MEDIO,0
46,2025-04-01 04:30:00,EQ-003,Arroz-RS,55.6,3.1,35.2,911,22.4,32.4,9.5,32,BAIXO,0
47,2025-04-01 05:15:00,EQ-014,Cerrado-MT,60.0,10.0,6.1,402,24.2,29.0,11.6,33,BAIXO,0
48,2025-04-01 06:00:00,EQ-017,Soja-PR,55.0,13.6,18.4,273,27.4,32.5,11.6,43,MEDIO,0
49,2025-04-01 06:45:00,EQ-004,Cana-SP,47.3,1.6,3.7,638,11.0,28.2,9.3,17,BAIXO,0
50,2025-04-01 07:30:00,EQ-018,Arroz-RS,64.3,3.7,55.7,15,13.3,13.7,8.8,64,ALTO,1
51,2025-04-01 08:15:00,EQ-008,Cerrado-MT,46.2,18.6,0.3,89,23.4,35.1,9.3,50,MEDIO,0
52,2025-04-01 09:00:00,EQ-004,Milho-GO,78.3,13.1,11.1,188,24.8,40.4,9.6,61,ALTO,1
53,2025-04-01 09:45:00,EQ-002,Cana-SP,66.4,33.5,12.9,77,14.0,35.7,8.5,72,ALTO,1
54,2025-04-01 10:30:00,EQ-006,Soja-PR,67.0,11.2,14.0,409,13.5,10.0,9.3,49,MEDIO,0
55,2025-04-01 11:15:00,EQ-010,Soja-PR,44.9,4.0,1.5,755,14.1,30.7,5.9,18,BAIXO,0
56,2025-04-01 12:00:00,EQ-004,Cana-SP,50.3,7.1,33.5,165,8.4,25.2,9.2,47,MEDIO,0
57,2025-04-01 12:45:00,EQ-018,Soja-PR,31.2,8.7,2.4,126,10.4,21.5,10.0,34,BAIXO,0
58,2025-04-01 13:30:00,EQ-012,Arroz-RS,47.9,0.7,11.7,978,10.5,28.7,8.0,31,BAIXO,0
59,2025-04-01 14:15:00,EQ-002,Cerrado-MT,34.3,6.3,3.0,177,16.2,27.1,8.8,23,BAIXO,0
60,2025-04-01 15:00:00,EQ-010,Arroz-RS,81.3,9.9,4.4,201,19.6,31.1,6.8,46,MEDIO,0
61,2025-04-01 15:45:00,EQ-004,Soja-PR,56.0,1.5,9.5,130,20.6,28.3,6.5,38,MEDIO,0
62,2025-04-01 16:30:00,EQ-014,Milho-GO,58.4,12.1,6.5,721,14.9,21.3,9.4,28,BAIXO,0
63,2025-04-01 17:15:00,EQ-016,Cerrado-MT,50.5,7.0,2.1,252,15.1,24.5,7.5,26,BAIXO,0
64,2025-04-01 18:00:00,EQ-015,Cerrado-MT,59.0,24.3,2.2,431,18.7,23.6,5.4,43,MEDIO,0
65,2025-04-01 18:45:00,EQ-008,Cana-SP,100.0,0.3,6.5,501,9.0,17.7,6.8,36,MEDIO,0
66,2025-04-01 19:30:00,EQ-014,Cana-SP,49.0,2.5,17.0,125,23.8,19.8,7.1,37,MEDIO,0
67,2025-04-01 20:15:00,EQ-008,Milho-GO,42.0,7.4,27.4,171,25.7,26.7,10.5,39,MEDIO,0
68,2025-04-01 21:00:00,EQ-016,Cerrado-MT,65.6,2.8,1.1,566,14.2,36.5,9.4,29,BAIXO,0
69,2025-04-01 21:45:00,EQ-013,Milho-GO,10.0,10.0,6.0,135,15.6,24.8,7.3,33,BAIXO,0
70,2025-04-01 22:30:00,EQ-018,Cana-SP,56.3,11.4,1.3,474,25.5,23.5,7.8,32,BAIXO,0
71,2025-04-01 23:15:00,EQ-015,Cana-SP,47.6,0.9,0.2,849,17.3,20.9,11.6,24,BAIXO,0
72,2025-04-02 00:00:00,EQ-013,Cerrado-MT,35.2,5.8,13.0,293,21.5,28.2,10.9,30,BAIXO,0
73,2025-04-02 00:45:00,EQ-009,Arroz-RS,65.2,5.7,11.1,406,17.4,35.1,6.8,47,MEDIO,0
74,2025-04-02 01:30:00,EQ-015,Soja-PR,56.1,3.7,2.1,491,27.3,40.0,11.3,27,BAIXO,0
75,2025-04-02 02:15:00,EQ-013,Cana-SP,19.0,21.6,3.2,559,20.9,29.7,8.8,28,BAIXO,0
76,2025-04-02 03:00:00,EQ-001,Cana-SP,42.1,14.1,0.3,151,21.3,28.8,10.6,37,MEDIO,0
77,2025-04-02 03:45:00,EQ-007,Arroz-RS,10.0,9.6,21.6,16,21.4,24.7,8.7,55,ALTO,1
78,2025-04-02 04:30:00,EQ-009,Arroz-RS,60.9,10.0,44.1,154,14.7,25.7,11.4,61,ALTO,1
79,2025-04-02 05:15:00,EQ-001,Milho-GO,60.7,5.0,1.7,336,15.2,31.8,6.7,27,BAIXO,0
80,2025-04-02 06:00:00,EQ-012,Milho-GO,39.1,20.3,3.2,180,22.6,26.1,8.5,48,MEDIO,0
81,2025-04-02 06:45:00,EQ-008,Soja-PR,65.8,9.5,24.3,415,18.8,27.0,11.4,58,ALTO,1
82,2025-04-02 07:30:00,EQ-011,Soja-PR,29.4,10.4,31.3,132,10.9,27.8,4.2,52,MEDIO,0
83,2025-04-02 08:15:00,EQ-019,Cerrado-MT,35.7,15.8,6.5,302,29.2,24.5,8.9,40,MEDIO,0
84,2025-04-02 09:00:00,EQ-017,Milho-GO,63.3,2.6,0.6,62,23.9,27.6,8.2,38,MEDIO,0
85,2025-04-02 09:45:00,EQ-008,Cana-SP,41.2,13.2,0.5,415,18.2,15.9,10.4,24,BAIXO,0
86,2025-04-02 10:30:00,EQ-003,Milho-GO,53.7,1.7,10.2,237,16.4,31.3,11.1,36,MEDIO,0
87,2025-04-02 11:15:00,EQ-003,Cana-SP,43.7,3.4,6.0,68,19.2,42.0,10.5,33,BAIXO,0
88,2025-04-02 12:00:00,EQ-001,Arroz-RS,46.8,3.3,0.3,104,21.1,24.7,9.5,37,MEDIO,0
89,2025-04-02 12:45:00,EQ-005,Milho-GO,47.7,30.7,10.5,414,5.8,30.2,9.1,54,MEDIO,0
90,2025-04-02 13:30:00,EQ-010,Arroz-RS,40.9,15.5,0.1,198,30.7,33.1,8.3,45,MEDIO,0
91,2025-04-02 14:15:00,EQ-007,Soja-PR,61.0,9.7,18.6,73,13.3,35.7,9.4,47,MEDIO,0
92,2025-04-02 15:00:00,EQ-009,Soja-PR,42.4,10.4,4.4,1026,18.0,26.4,11.9,19,BAIXO,0
93,2025-04-02 15:45:00,EQ-007,Cerrado-MT,55.3,6.6,0.5,377,18.2,17.2,7.3,25,BAIXO,0
94,2025-04-02 16:30:00,EQ-009,Milho-GO,40.4,23.5,10.7,945,30.0,29.6,8.2,38,MEDIO,0
95,2025-04-02 17:15:00,EQ-008,Arroz-RS,24.3,5.5,6.1,167,17.5,28.8,8.8,27,BAIXO,0
96,2025-04-02 18:00:00,EQ-012,Cana-SP,73.2,3.8,43.7,193,27.5,25.9,11.0,62,ALTO,1
97,2025-04-02 18:45:00,EQ-002,Soja-PR,65.0,1.4,9.4,685,20.4,27.2,9.4,30,BAIXO,0
98,2025-04-02 19:30:00,EQ-001,Soja-PR,100.0,12.3,3.9,223,12.2,28.9,11.0,49,MEDIO,0
99,2025-04-02 20:15:00,EQ-016,Cana-SP,34.1,10.6,14.8,369,18.8,30.2,11.1,35,MEDIO,0
100,2025-04-02 21:00:00,EQ-005,Arroz-RS,50.8,3.9,3.8,87,17.3,29.9,10.2,32,BAIXO,0
101,2025-04-02 21:45:00,EQ-003,Arroz-RS,52.4,0.2,28.2,178,11.5,26.7,6.9,51,MEDIO,0
102,2025-04-02 22:30:00,EQ-012,Milho-GO,74.8,14.6,5.6,40,20.1,30.3,12.3,55,ALTO,1
103,2025-04-02 23:15:00,EQ-008,Milho-GO,44.9,0.1,9.6,69,18.1,26.3,11.8,32,BAIXO,0
104,2025-04-03 00:00:00,EQ-003,Cerrado-MT,31.6,9.7,0.6,10,21.3,31.9,9.1,41,MEDIO,0
105,2025-04-03 00:45:00,EQ-001,Soja-PR,79.2,28.1,6.7,12,19.2,24.2,6.2,76,CRITICO,1
106,2025-04-03 01:30:00,EQ-003,Milho-GO,48.7,4.6,21.4,1135,14.1,28.4,5.9,34,BAIXO,0
107,2025-04-03 02:15:00,EQ-005,Arroz-RS,72.6,2.1,19.7,83,22.6,18.3,9.5,56,ALTO,1
108,2025-04-03 03:00:00,EQ-015,Cana-SP,70.2,9.8,3.0,327,14.3,25.8,7.6,35,MEDIO,0
109,2025-04-03 03:45:00,EQ-014,Arroz-RS,54.4,13.6,3.1,548,0.0,31.4,5.6,23,BAIXO,0
110,2025-04-03 04:30:00,EQ-003,Soja-PR,51.5,6.3,20.4,240,18.8,21.8,5.8,45,MEDIO,0
111,2025-04-03 05:15:00,EQ-001,Arroz-RS,47.2,27.3,32.0,50,14.7,26.1,8.1,82,CRITICO,1
112,2025-04-03 06:00:00,EQ-005,Cerrado-MT,54.7,0.4,1.2,391,20.3,13.6,9.4,25,BAIXO,0
113,2025-04-03 06:45:00,EQ-014,Soja-PR,72.3,5.6,7.2,275,30.0,19.8,11.8,36,MEDIO,0
114,2025-04-03 07:30:00,EQ-007,Cana-SP,39.1,10.1,4.9,394,30.2,21.4,10.0,30,BAIXO,0
115,2025-04-03 08:15:00,EQ-009,Cerrado-MT,57.2,15.9,24.5,441,17.0,28.6,8.2,55,ALTO,1
116,2025-04-03 09:00:00,EQ-015,Soja-PR,32.6,1.6,1.0,1112,13.0,30.0,9.8,16,BAIXO,0
117,2025-04-03 09:45:00,EQ-015,Cana-SP,35.1,12.9,2.8,256,21.5,27.7,9.6,28,BAIXO,0
118,2025-04-03 10:30:00,EQ-010,Cerrado-MT,54.4,6.4,16.8,125,15.8,25.7,10.5,37,MEDIO,0
119,2025-04-03 11:15:00,EQ-013,Cerrado-MT,15.8,4.0,0.6,314,20.4,25.7,8.9,20,BAIXO,0
120,2025-04-03 12:00:00,EQ-019,Soja-PR,96.2,1.1,8.1,21,14.0,32.3,11.1,64,ALTO,1
121,2025-04-03 12:45:00,EQ-007,Milho-GO,31.1,16.0,7.0,683,19.5,29.3,10.6,30,BAIXO,0
122,2025-04-03 13:30:00,EQ-017,Cerrado-MT,54.2,1.4,4.9,38,13.1,26.0,9.2,37,MEDIO,0
123,2025-04-03 14:15:00,EQ-020,Cerrado-MT,78.4,3.0,6.0,119,25.1,35.8,8.8,46,MEDIO,0
124,2025-04-03 15:00:00,EQ-004,Cana-SP,37.7,2.7,9.1,507,14.5,39.7,10.8,22,BAIXO,0
125,2025-04-03 15:45:00,EQ-005,Arroz-RS,10.0,16.4,2.1,273,22.0,20.5,7.6,32,BAIXO,0
126,2025-04-03 16:30:00,EQ-007,Soja-PR,46.1,8.9,10.2,150,10.4,31.1,6.0,53,MEDIO,0
127,2025-04-03 17:15:00,EQ-013,Soja-PR,37.5,12.7,19.6,192,22.7,42.0,6.0,40,MEDIO,0
128,2025-04-03 18:00:00,EQ-015,Milho-GO,10.0,2.3,17.1,578,12.2,29.7,7.4,21,BAIXO,0
129,2025-04-03 18:45:00,EQ-011,Milho-GO,60.7,7.8,2.0,125,19.6,28.7,10.3,37,MEDIO,0
130,2025-04-03 19:30:00,EQ-004,Soja-PR,59.1,6.8,1.9,611,24.1,27.7,8.2,27,BAIXO,0
131,2025-04-03 20:15:00,EQ-013,Milho-GO,77.8,14.3,3.7,28,16.8,30.9,9.4,59,ALTO,1
132,2025-04-03 21:00:00,EQ-007,Cana-SP,32.6,18.9,5.4,450,11.8,32.5,8.0,38,MEDIO,0
133,2025-04-03 21:45:00,EQ-019,Soja-PR,23.0,0.1,6.3,564,21.0,20.5,8.0,12,BAIXO,0
134,2025-04-03 22:30:00,EQ-002,Milho-GO,46.9,9.0,13.7,60,13.0,27.8,6.9,48,MEDIO,0
135,2025-04-03 23:15:00,EQ-010,Soja-PR,53.2,0.4,0.7,169,15.6,14.4,8.8,34,BAIXO,0
136,2025-04-04 00:00:00,EQ-013,Arroz-RS,73.4,6.4,0.4,54,19.6,26.7,8.6,46,MEDIO,0
137,2025-04-04 00:45:00,EQ-006,Cerrado-MT,83.2,2.7,6.0,368,26.2,22.6,9.8,45,MEDIO,0
138,2025-04-04 01:30:00,EQ-012,Soja-PR,79.3,2.9,14.3,230,18.2,30.0,9.6,46,MEDIO,0
139,2025-04-04 02:15:00,EQ-012,Cerrado-MT,60.5,3.5,2.6,303,18.1,18.1,8.6,21,BAIXO,0
140,2025-04-04 03:00:00,EQ-020,Milho-GO,71.0,7.8,12.3,66,22.4,24.9,6.0,48,MEDIO,0
141,2025-04-04 03:45:00,EQ-011,Cerrado-MT,42.2,3.3,3.6,71,18.3,33.8,11.1,33,BAIXO,0
142,2025-04-04 04:30:00,EQ-007,Soja-PR,58.4,10.6,26.1,13,21.8,23.9,8.8,58,ALTO,1
143,2025-04-04 05:15:00,EQ-001,Arroz-RS,31.2,4.1,27.1,117,24.5,16.6,9.2,46,MEDIO,0
144,2025-04-04 06:00:00,EQ-001,Milho-GO,56.3,0.6,4.2,246,16.0,29.5,12.2,31,BAIXO,0
145,2025-04-04 06:45:00,EQ-020,Soja-PR,56.8,12.3,3.1,585,0.0,24.5,10.8,27,BAIXO,0
146,2025-04-04 07:30:00,EQ-013,Milho-GO,89.4,2.7,6.4,330,13.1,26.9,9.9,38,MEDIO,0
147,2025-04-04 08:15:00,EQ-009,Cana-SP,50.4,4.5,3.3,171,25.3,23.6,9.0,35,MEDIO,0
148,2025-04-04 09:00:00,EQ-003,Cerrado-MT,56.8,9.3,13.4,918,17.8,39.8,9.0,38,MEDIO,0
149,2025-04-04 09:45:00,EQ-007,Cana-SP,59.7,3.2,21.0,381,16.0,18.7,9.5,46,MEDIO,0
150,2025-04-04 10:30:00,EQ-006,Soja-PR,45.9,0.5,13.4,798,25.0,42.0,9.8,28,BAIXO,0
151,2025-04-04 11:15:00,EQ-008,Arroz-RS,39.0,3.7,20.9,225,17.4,25.7,12.4,33,BAIXO,0
152,2025-04-04 12:00:00,EQ-009,Milho-GO,81.0,23.1,6.1,90,5.4,29.1,13.9,70,ALTO,1
153,2025-04-04 12:45:00,EQ-005,Cerrado-MT,35.4,8.2,2.0,16,9.0,24.6,9.6,45,MEDIO,0
154,2025-04-04 13:30:00,EQ-001,Milho-GO,28.4,8.9,16.1,388,20.5,24.3,4.7,31,BAIXO,0
155,2025-04-04 14:15:00,EQ-019,Soja-PR,68.6,8.0,5.4,39,17.6,23.3,7.1,58,ALTO,1
156,2025-04-04 15:00:00,EQ-010,Milho-GO,78.2,1.8,13.4,108,26.7,31.6,12.6,50,MEDIO,0
157,2025-04-04 15:45:00,EQ-012,Cerrado-MT,46.0,4.3,3.8,228,13.6,19.5,10.4,26,BAIXO,0
158,2025-04-04 16:30:00,EQ-015,Soja-PR,46.3,11.1,1.0,249,16.1,30.2,9.9,35,MEDIO,0
159,2025-04-04 17:15:00,EQ-009,Milho-GO,60.7,0.9,58.8,275,12.7,14.9,8.7,52,MEDIO,0
160,2025-04-04 18:00:00,EQ-020,Arroz-RS,40.8,2.6,2.0,55,14.9,29.6,6.6,29,BAIXO,0
161,2025-04-04 18:45:00,EQ-017,Soja-PR,39.4,2.6,53.5,143,6.6,33.1,12.4,54,MEDIO,0
162,2025-04-04 19:30:00,EQ-017,Soja-PR,72.6,4.5,45.4,288,15.7,20.4,7.4,51,MEDIO,0
163,2025-04-04 20:15:00,EQ-020,Arroz-RS,67.1,31.4,18.9,1050,17.7,32.1,10.5,63,ALTO,1
164,2025-04-04 21:00:00,EQ-012,Cana-SP,81.2,0.6,12.9,390,17.2,28.3,6.4,49,MEDIO,0
165,2025-04-04 21:45:00,EQ-007,Cerrado-MT,29.9,5.9,10.3,768,30.9,37.6,8.6,25,BAIXO,0
166,2025-04-04 22:30:00,EQ-002,Cana-SP,45.0,1.6,24.1,431,29.0,22.9,11.0,36,MEDIO,0
167,2025-04-04 23:15:00,EQ-003,Milho-GO,60.6,28.2,4.1,269,13.5,42.0,8.5,46,MEDIO,0
168,2025-04-05 00:00:00,EQ-017,Arroz-RS,36.5,1.0,7.6,64,5.7,13.7,8.3,29,BAIXO,0
169,2025-04-05 00:45:00,EQ-005,Cana-SP,67.8,4.1,11.6,330,17.4,26.0,9.0,36,MEDIO,0
170,2025-04-05 01:30:00,EQ-017,Soja-PR,79.5,10.7,6.4,293,20.3,17.8,6.3,44,MEDIO,0
171,2025-04-05 02:15:00,EQ-017,Milho-GO,43.3,9.8,6.7,277,12.8,39.1,6.0,28,BAIXO,0
172,2025-04-05 03:00:00,EQ-017,Milho-GO,55.8,4.4,4.8,202,13.1,26.4,10.4,27,BAIXO,0
173,2025-04-05 03:45:00,EQ-002,Cana-SP,84.1,3.4,10.0,226,27.5,27.0,8.2,51,MEDIO,0
174,2025-04-05 04:30:00,EQ-002,Cana-SP,91.0,4.1,22.8,122,16.5,30.7,10.4,65,ALTO,1
175,2025-04-05 05:15:00,EQ-005,Arroz-RS,69.9,2.5,2.7,220,22.0,28.0,11.2,37,MEDIO,0
176,2025-04-05 06:00:00,EQ-001,Cerrado-MT,66.9,1.8,32.7,66,12.4,24.4,11.4,60,ALTO,1
177,2025-04-05 06:45:00,EQ-001,Cana-SP,37.9,5.3,14.0,491,17.7,20.5,5.8,26,BAIXO,0
178,2025-04-05 07:30:00,EQ-019,Cana-SP,62.2,2.5,20.8,62,16.0,29.0,7.6,47,MEDIO,0
179,2025-04-05 08:15:00,EQ-002,Soja-PR,66.1,2.7,9.7,27,13.9,30.3,10.1,51,MEDIO,0
180,2025-04-05 09:00:00,EQ-012,Milho-GO,50.8,8.6,18.1,172,24.9,32.2,10.1,48,MEDIO,0
181,2025-04-05 09:45:00,EQ-006,Cerrado-MT,43.1,27.7,0.2,322,9.7,39.5,13.5,44,MEDIO,0
182,2025-04-05 10:30:00,EQ-004,Soja-PR,29.4,7.4,20.5,173,19.8,15.0,7.2,40,MEDIO,0
183,2025-04-05 11:15:00,EQ-011,Arroz-RS,20.2,0.6,0.5,97,15.9,27.6,11.3,34,BAIXO,0
184,2025-04-05 12:00:00,EQ-017,Arroz-RS,16.0,0.6,26.5,245,20.5,35.2,9.7,33,BAIXO,0
185,2025-04-05 12:45:00,EQ-006,Cana-SP,66.6,24.2,57.9,128,16.0,27.3,5.7,72,ALTO,1
186,2025-04-05 13:30:00,EQ-005,Cana-SP,58.0,2.8,4.2,810,23.2,14.0,7.9,26,BAIXO,0
187,2025-04-05 14:15:00,EQ-020,Arroz-RS,45.3,0.8,2.8,768,12.4,20.3,9.5,16,BAIXO,0
188,2025-04-05 15:00:00,EQ-002,Cana-SP,48.4,7.3,17.4,209,24.9,30.0,5.6,36,MEDIO,0
189,2025-04-05 15:45:00,EQ-006,Cerrado-MT,59.2,7.8,3.5,119,17.8,29.8,4.9,38,MEDIO,0
190,2025-04-05 16:30:00,EQ-011,Cana-SP,51.7,8.4,24.1,401,10.0,32.0,5.5,48,MEDIO,0
191,2025-04-05 17:15:00,EQ-016,Milho-GO,28.2,2.5,1.3,11,22.1,23.3,9.5,35,MEDIO,0
192,2025-04-05 18:00:00,EQ-016,Cana-SP,73.3,0.1,1.6,193,16.8,29.6,8.0,45,MEDIO,0
193,2025-04-05 18:45:00,EQ-001,Soja-PR,61.1,26.8,46.4,123,7.8,22.3,7.8,81,CRITICO,1
194,2025-04-05 19:30:00,EQ-009,Cerrado-MT,60.3,2.3,13.4,760,20.0,29.6,7.8,25,BAIXO,0
195,2025-04-05 20:15:00,EQ-006,Soja-PR,71.8,9.0,22.5,10,24.0,28.3,6.2,73,ALTO,1
196,2025-04-05 21:00:00,EQ-016,Soja-PR,38.7,9.8,4.7,241,25.7,23.1,8.1,30,BAIXO,0
197,2025-04-05 21:45:00,EQ-003,Milho-GO,79.3,7.5,13.5,405,15.7,37.3,5.4,42,MEDIO,0
198,2025-04-05 22:30:00,EQ-020,Cerrado-MT,52.2,3.0,10.8,199,18.9,17.8,11.4,40,MEDIO,0
199,2025-04-05 23:15:00,EQ-004,Cerrado-MT,72.8,2.5,11.1,27,18.3,27.2,12.4,59,ALTO,1
200,2025-04-06 00:00:00,EQ-019,Cerrado-MT,69.7,7.3,13.8,1078,26.9,22.9,4.3,37,MEDIO,0
201,2025-04-06 00:45:00,EQ-003,Cerrado-MT,34.2,16.1,10.3,219,13.1,39.0,8.1,38,MEDIO,0
202,2025-04-06 01:30:00,EQ-019,Cerrado-MT,65.1,23.5,6.7,286,15.2,31.6,8.2,48,MEDIO,0
203,2025-04-06 02:15:00,EQ-020,Milho-GO,61.5,0.9,3.9,81,13.0,24.1,8.7,38,MEDIO,0
204,2025-04-06 03:00:00,EQ-007,Cana-SP,55.6,1.3,17.6,198,9.3,26.3,11.0,42,MEDIO,0
205,2025-04-06 03:45:00,EQ-020,Soja-PR,53.1,23.2,3.1,168,19.5,39.2,8.1,53,MEDIO,0
206,2025-04-06 04:30:00,EQ-009,Cerrado-MT,53.3,10.7,14.1,23,27.6,22.3,8.8,53,MEDIO,0
207,2025-04-06 05:15:00,EQ-001,Cana-SP,71.3,17.2,3.2,34,16.8,17.4,14.0,62,ALTO,1
208,2025-04-06 06:00:00,EQ-008,Cana-SP,66.6,1.8,11.8,545,12.7,29.7,8.8,42,MEDIO,0
209,2025-04-06 06:45:00,EQ-007,Soja-PR,55.6,7.1,16.5,82,19.1,29.9,12.5,36,MEDIO,0
210,2025-04-06 07:30:00,EQ-018,Milho-GO,25.2,9.7,3.0,65,21.5,32.0,10.0,34,BAIXO,0
211,2025-04-06 08:15:00,EQ-008,Arroz-RS,64.9,9.1,0.7,211,17.1,32.0,7.9,34,BAIXO,0
212,2025-04-06 09:00:00,EQ-001,Arroz-RS,69.5,4.2,1.7,439,26.4,38.6,7.6,38,MEDIO,0
213,2025-04-06 09:45:00,EQ-011,Cana-SP,100.0,0.1,11.2,19,13.1,17.7,9.0,65,ALTO,1
214,2025-04-06 10:30:00,EQ-018,Soja-PR,76.5,7.0,22.7,258,16.3,20.8,6.7,56,ALTO,1
215,2025-04-06 11:15:00,EQ-010,Arroz-RS,17.0,2.3,0.6,38,19.8,32.0,7.3,36,MEDIO,0
216,2025-04-06 12:00:00,EQ-003,Cana-SP,56.6,4.8,15.9,11,20.4,21.4,8.2,46,MEDIO,0
217,2025-04-06 12:45:00,EQ-007,Milho-GO,91.2,25.3,5.0,16,18.3,19.3,9.6,78,CRITICO,1
218,2025-04-06 13:30:00,EQ-016,Arroz-RS,67.5,4.1,7.8,539,10.3,39.2,12.7,29,BAIXO,0
219,2025-04-06 14:15:00,EQ-016,Cana-SP,61.6,14.7,31.7,38,32.0,18.3,8.0,62,ALTO,1
220,2025-04-06 15:00:00,EQ-020,Cana-SP,73.0,1.7,4.8,14,16.6,25.9,9.9,48,MEDIO,0
221,2025-04-06 15:45:00,EQ-017,Cerrado-MT,42.6,8.9,7.5,173,18.7,27.6,5.7,38,MEDIO,0
222,2025-04-06 16:30:00,EQ-002,Milho-GO,64.6,30.2,0.2,557,21.7,35.9,11.1,44,MEDIO,0
223,2025-04-06 17:15:00,EQ-001,Cerrado-MT,50.0,0.9,1.0,91,14.2,16.8,5.6,32,BAIXO,0
224,2025-04-06 18:00:00,EQ-016,Soja-PR,54.6,0.1,3.6,164,18.3,30.5,10.6,38,MEDIO,0
225,2025-04-06 18:45:00,EQ-012,Cerrado-MT,71.6,4.5,0.3,12,13.9,22.7,8.8,48,MEDIO,0
226,2025-04-06 19:30:00,EQ-005,Cerrado-MT,36.5,0.8,12.0,179,20.5,31.8,8.8,32,BAIXO,0
227,2025-04-06 20:15:00,EQ-005,Arroz-RS,80.8,11.0,6.7,259,16.3,22.6,8.4,49,MEDIO,0
228,2025-04-06 21:00:00,EQ-009,Cana-SP,46.5,19.7,9.5,254,19.6,37.4,6.4,42,MEDIO,0
229,2025-04-06 21:45:00,EQ-009,Milho-GO,60.2,4.6,2.3,121,11.7,22.6,6.5,37,MEDIO,0
230,2025-04-06 22:30:00,EQ-003,Cerrado-MT,27.0,2.4,4.2,114,13.0,13.2,10.7,21,BAIXO,0
231,2025-04-06 23:15:00,EQ-019,Milho-GO,69.4,4.6,13.1,34,9.8,23.3,9.0,53,MEDIO,0
232,2025-04-07 00:00:00,EQ-016,Cerrado-MT,83.9,10.3,40.3,137,13.7,26.4,8.4,82,CRITICO,1
233,2025-04-07 00:45:00,EQ-016,Soja-PR,44.7,0.1,0.6,31,2.6,34.5,9.9,34,BAIXO,0
234,2025-04-07 01:30:00,EQ-003,Cerrado-MT,32.8,7.1,26.5,436,16.2,20.4,9.2,34,BAIXO,0
235,2025-04-07 02:15:00,EQ-020,Arroz-RS,60.6,7.6,10.3,1017,14.8,20.6,7.4,31,BAIXO,0
236,2025-04-07 03:00:00,EQ-001,Cana-SP,84.1,8.1,10.0,1053,18.9,33.8,13.9,46,MEDIO,0
237,2025-04-07 03:45:00,EQ-020,Soja-PR,26.0,2.2,8.3,601,18.3,19.7,10.5,24,BAIXO,0
238,2025-04-07 04:30:00,EQ-011,Cerrado-MT,32.9,10.0,0.9,275,25.5,26.9,9.3,31,BAIXO,0
239,2025-04-07 05:15:00,EQ-017,Milho-GO,45.9,0.8,1.1,362,33.6,27.0,8.0,29,BAIXO,0
240,2025-04-07 06:00:00,EQ-008,Soja-PR,38.6,1.8,11.0,101,24.8,29.3,10.9,31,BAIXO,0
241,2025-04-07 06:45:00,EQ-004,Soja-PR,38.7,16.8,5.0,299,15.3,23.5,7.4,34,BAIXO,0
242,2025-04-07 07:30:00,EQ-006,Cerrado-MT,13.1,10.7,29.9,182,15.0,22.4,7.3,58,ALTO,1
243,2025-04-07 08:15:00,EQ-008,Soja-PR,66.8,0.1,6.3,197,23.2,30.0,12.4,42,MEDIO,0
244,2025-04-07 09:00:00,EQ-020,Milho-GO,61.8,2.3,1.9,425,7.9,22.6,9.1,36,MEDIO,0
245,2025-04-07 09:45:00,EQ-003,Soja-PR,21.0,1.9,15.1,99,16.1,19.8,7.5,41,MEDIO,0
246,2025-04-07 10:30:00,EQ-016,Milho-GO,84.1,2.5,4.2,115,16.6,35.4,9.0,52,MEDIO,0
247,2025-04-07 11:15:00,EQ-003,Cerrado-MT,88.6,2.3,8.9,776,21.5,30.9,10.7,43,MEDIO,0
248,2025-04-07 12:00:00,EQ-018,Cana-SP,40.0,0.5,14.4,17,21.7,38.6,10.2,41,MEDIO,0
249,2025-04-07 12:45:00,EQ-014,Soja-PR,78.3,4.9,27.7,199,13.5,32.7,10.9,57,ALTO,1
250,2025-04-07 13:30:00,EQ-018,Cana-SP,43.5,10.6,18.9,732,15.5,20.4,6.5,25,BAIXO,0
251,2025-04-07 14:15:00,EQ-002,Milho-GO,58.6,7.5,13.5,283,20.7,28.6,10.9,33,BAIXO,0
252,2025-04-07 15:00:00,EQ-003,Soja-PR,38.3,8.9,13.7,237,13.2,21.9,8.6,29,BAIXO,0
253,2025-04-07 15:45:00,EQ-016,Arroz-RS,99.3,0.7,35.0,86,25.2,18.1,9.2,60,ALTO,1
254,2025-04-07 16:30:00,EQ-009,Cana-SP,49.1,24.2,4.2,126,21.7,25.3,11.4,53,MEDIO,0
255,2025-04-07 17:15:00,EQ-004,Soja-PR,57.5,14.6,0.0,573,19.0,33.9,10.4,23,BAIXO,0
256,2025-04-07 18:00:00,EQ-001,Cana-SP,41.2,13.1,3.8,246,20.3,29.6,9.7,30,BAIXO,0
257,2025-04-07 18:45:00,EQ-004,Soja-PR,92.2,13.9,2.9,217,15.2,19.7,5.0,43,MEDIO,0
258,2025-04-07 19:30:00,EQ-001,Cerrado-MT,92.7,21.6,13.0,31,14.2,25.1,8.9,79,CRITICO,1
259,2025-04-07 20:15:00,EQ-014,Cana-SP,87.6,6.3,12.1,10,15.5,27.1,7.4,63,ALTO,1
260,2025-04-07 21:00:00,EQ-016,Arroz-RS,74.1,1.8,10.8,995,21.0,17.9,10.4,39,MEDIO,0
261,2025-04-07 21:45:00,EQ-020,Arroz-RS,42.5,7.7,0.2,142,19.2,32.3,11.0,29,BAIXO,0
262,2025-04-07 22:30:00,EQ-008,Milho-GO,71.6,10.9,15.7,277,15.5,26.6,8.4,41,MEDIO,0
263,2025-04-07 23:15:00,EQ-007,Soja-PR,54.9,10.7,4.7,25,22.5,19.7,7.7,48,MEDIO,0
264,2025-04-08 00:00:00,EQ-003,Cana-SP,81.2,5.9,13.1,345,17.0,19.3,12.1,49,MEDIO,0
265,2025-04-08 00:45:00,EQ-017,Milho-GO,77.3,0.6,9.8,809,13.8,34.6,7.8,35,MEDIO,0
266,2025-04-08 01:30:00,EQ-001,Cana-SP,42.0,3.7,5.0,257,19.5,25.7,6.6,23,BAIXO,0
267,2025-04-08 02:15:00,EQ-016,Soja-PR,74.0,20.3,1.7,40,11.9,35.1,7.3,63,ALTO,1
268,2025-04-08 03:00:00,EQ-012,Arroz-RS,68.6,7.0,1.2,261,7.9,37.4,7.9,32,BAIXO,0
269,2025-04-08 03:45:00,EQ-019,Cerrado-MT,10.0,6.2,21.4,436,18.0,34.1,7.3,33,BAIXO,0
270,2025-04-08 04:30:00,EQ-014,Arroz-RS,71.0,2.5,30.1,156,14.1,24.8,10.7,56,ALTO,1
271,2025-04-08 05:15:00,EQ-006,Milho-GO,46.4,3.7,12.6,636,16.5,13.0,4.6,26,BAIXO,0
272,2025-04-08 06:00:00,EQ-006,Cerrado-MT,37.3,18.1,1.3,314,12.2,29.9,7.2,43,MEDIO,0
273,2025-04-08 06:45:00,EQ-013,Milho-GO,38.1,8.8,6.2,689,25.3,40.5,8.9,25,BAIXO,0
274,2025-04-08 07:30:00,EQ-019,Soja-PR,52.3,12.4,15.7,293,14.0,27.8,9.4,42,MEDIO,0
275,2025-04-08 08:15:00,EQ-008,Cerrado-MT,64.6,4.8,18.2,42,15.4,16.1,12.4,50,MEDIO,0
276,2025-04-08 09:00:00,EQ-002,Milho-GO,27.7,8.0,1.5,111,20.3,24.0,12.1,30,BAIXO,0
277,2025-04-08 09:45:00,EQ-001,Soja-PR,58.8,2.3,0.0,68,9.7,26.9,5.8,36,MEDIO,0
278,2025-04-08 10:30:00,EQ-015,Arroz-RS,66.5,9.8,14.9,718,9.3,21.4,5.2,42,MEDIO,0
279,2025-04-08 11:15:00,EQ-001,Soja-PR,92.2,4.5,5.3,429,20.3,12.6,9.0,43,MEDIO,0
280,2025-04-08 12:00:00,EQ-005,Cana-SP,33.5,4.7,3.5,338,15.3,27.4,7.7,15,BAIXO,0
281,2025-04-08 12:45:00,EQ-016,Soja-PR,48.0,8.4,0.2,107,12.6,23.3,6.6,40,MEDIO,0
282,2025-04-08 13:30:00,EQ-019,Soja-PR,60.2,22.0,9.3,61,21.6,38.6,9.0,55,ALTO,1
283,2025-04-08 14:15:00,EQ-004,Cana-SP,77.9,0.5,22.9,424,13.1,28.6,9.5,47,MEDIO,0
284,2025-04-08 15:00:00,EQ-003,Milho-GO,48.9,13.9,37.9,193,16.4,30.8,7.3,54,MEDIO,0
285,2025-04-08 15:45:00,EQ-017,Milho-GO,79.0,2.8,10.0,77,12.6,27.3,7.8,50,MEDIO,0
286,2025-04-08 16:30:00,EQ-017,Soja-PR,16.3,4.7,8.7,288,19.8,28.6,7.5,30,BAIXO,0
287,2025-04-08 17:15:00,EQ-012,Cana-SP,29.9,0.2,1.1,12,26.0,18.1,8.2,37,MEDIO,0
288,2025-04-08 18:00:00,EQ-014,Cana-SP,62.0,2.9,9.6,118,6.8,21.8,10.1,44,MEDIO,0
289,2025-04-08 18:45:00,EQ-006,Arroz-RS,26.8,5.6,5.7,190,18.7,34.5,6.8,32,BAIXO,0
290,2025-04-08 19:30:00,EQ-003,Milho-GO,31.5,0.5,11.2,48,23.1,29.3,7.7,42,MEDIO,0
291,2025-04-08 20:15:00,EQ-009,Cerrado-MT,44.4,5.4,5.9,1253,15.5,25.6,8.2,17,BAIXO,0
292,2025-04-08 21:00:00,EQ-005,Milho-GO,70.4,21.0,3.3,70,11.2,30.9,9.0,52,MEDIO,0
293,2025-04-08 21:45:00,EQ-017,Milho-GO,17.1,0.9,1.2,42,20.5,31.0,9.6,35,MEDIO,0
294,2025-04-08 22:30:00,EQ-014,Arroz-RS,58.4,11.6,4.5,68,24.0,39.9,13.1,40,MEDIO,0
295,2025-04-08 23:15:00,EQ-003,Cerrado-MT,75.7,4.2,1.2,440,23.3,29.0,10.1,40,MEDIO,0
296,2025-04-09 00:00:00,EQ-001,Arroz-RS,51.1,8.5,2.3,166,20.2,21.6,10.2,43,MEDIO,0
297,2025-04-09 00:45:00,EQ-020,Cerrado-MT,47.6,2.4,52.4,250,18.6,27.3,8.5,44,MEDIO,0
298,2025-04-09 01:30:00,EQ-001,Soja-PR,63.0,1.4,7.0,10,12.6,31.6,7.0,44,MEDIO,0
299,2025-04-09 02:15:00,EQ-003,Cerrado-MT,51.2,1.4,9.1,11,23.2,34.0,7.9,51,MEDIO,0
300,2025-04-09 03:00:00,EQ-018,Arroz-RS,82.8,0.6,24.8,177,22.9,18.3,7.6,64,ALTO,1
301,2025-04-09 03:45:00,EQ-010,Milho-GO,32.8,1.6,65.0,509,11.2,29.5,9.8,39,MEDIO,0
302,2025-04-09 04:30:00,EQ-003,Cerrado-MT,54.0,8.7,10.5,649,20.2,22.6,5.7,26,BAIXO,0
303,2025-04-09 05:15:00,EQ-008,Cerrado-MT,59.1,17.1,20.1,27,21.9,24.6,10.2,62,ALTO,1
304,2025-04-09 06:00:00,EQ-014,Cana-SP,47.4,13.5,4.8,232,23.3,33.1,8.8,30,BAIXO,0
305,2025-04-09 06:45:00,EQ-018,Milho-GO,10.0,9.2,4.4,733,17.6,32.5,10.5,22,BAIXO,0
306,2025-04-09 07:30:00,EQ-015,Soja-PR,51.8,0.9,6.2,147,12.9,23.9,7.6,40,MEDIO,0
307,2025-04-09 08:15:00,EQ-002,Arroz-RS,73.0,2.7,13.4,531,15.0,27.1,7.2,32,BAIXO,0
308,2025-04-09 09:00:00,EQ-010,Soja-PR,70.6,3.0,13.8,43,12.0,24.8,8.2,54,MEDIO,0
309,2025-04-09 09:45:00,EQ-002,Milho-GO,62.1,2.3,4.5,822,17.7,42.0,8.1,22,BAIXO,0
310,2025-04-09 10:30:00,EQ-017,Cerrado-MT,33.0,5.8,1.7,418,16.5,29.7,10.6,20,BAIXO,0
311,2025-04-09 11:15:00,EQ-008,Cerrado-MT,62.9,6.1,12.0,851,30.9,23.0,10.6,26,BAIXO,0
312,2025-04-09 12:00:00,EQ-001,Milho-GO,43.5,3.5,1.6,339,23.4,35.9,12.8,20,BAIXO,0
313,2025-04-09 12:45:00,EQ-009,Cerrado-MT,62.1,3.5,10.4,135,23.8,36.1,8.0,45,MEDIO,0
314,2025-04-09 13:30:00,EQ-011,Cerrado-MT,57.4,14.1,14.2,835,20.8,38.8,2.3,37,MEDIO,0
315,2025-04-09 14:15:00,EQ-016,Cerrado-MT,35.5,12.5,14.5,97,15.8,40.5,8.2,42,MEDIO,0
316,2025-04-09 15:00:00,EQ-007,Arroz-RS,37.2,2.9,16.8,121,16.3,32.2,9.5,40,MEDIO,0
317,2025-04-09 15:45:00,EQ-010,Arroz-RS,62.1,19.6,24.7,362,16.9,25.9,10.4,57,ALTO,1
318,2025-04-09 16:30:00,EQ-003,Cana-SP,50.6,24.4,8.3,435,19.1,26.8,9.6,51,MEDIO,0
319,2025-04-09 17:15:00,EQ-018,Soja-PR,38.2,3.2,15.7,795,20.3,26.2,8.0,19,BAIXO,0
320,2025-04-09 18:00:00,EQ-013,Milho-GO,36.5,3.5,11.6,69,18.0,25.6,12.4,34,BAIXO,0
321,2025-04-09 18:45:00,EQ-007,Milho-GO,48.9,5.6,2.5,480,16.3,35.4,6.9,26,BAIXO,0
322,2025-04-09 19:30:00,EQ-004,Milho-GO,86.4,22.7,0.3,402,14.4,28.0,8.5,56,ALTO,1
323,2025-04-09 20:15:00,EQ-013,Cana-SP,44.5,16.7,4.0,20,9.6,33.8,6.8,51,MEDIO,0
324,2025-04-09 21:00:00,EQ-020,Arroz-RS,54.7,0.9,7.0,147,25.7,32.1,9.0,36,MEDIO,0
325,2025-04-09 21:45:00,EQ-001,Cana-SP,57.0,4.0,11.5,100,31.2,21.4,12.2,47,MEDIO,0
326,2025-04-09 22:30:00,EQ-008,Milho-GO,32.4,6.4,22.8,109,25.2,17.7,8.7,46,MEDIO,0
327,2025-04-09 23:15:00,EQ-014,Soja-PR,19.7,5.6,2.6,1221,10.4,20.6,8.7,14,BAIXO,0
328,2025-04-10 00:00:00,EQ-016,Cerrado-MT,34.5,1.7,1.6,309,22.7,25.4,5.6,21,BAIXO,0
329,2025-04-10 00:45:00,EQ-014,Arroz-RS,59.9,15.7,39.7,379,24.1,28.8,8.4,60,ALTO,1
330,2025-04-10 01:30:00,EQ-012,Arroz-RS,56.7,9.0,1.4,1127,15.6,24.1,11.3,30,BAIXO,0
331,2025-04-10 02:15:00,EQ-019,Cana-SP,69.0,14.6,7.8,142,20.9,32.2,8.5,54,MEDIO,0
332,2025-04-10 03:00:00,EQ-015,Arroz-RS,56.9,15.7,10.6,486,15.3,24.8,8.4,46,MEDIO,0
333,2025-04-10 03:45:00,EQ-002,Milho-GO,52.8,11.0,9.4,171,27.2,29.5,11.2,45,MEDIO,0
334,2025-04-10 04:30:00,EQ-002,Milho-GO,42.9,4.6,1.1,611,20.2,28.7,8.4,13,BAIXO,0
335,2025-04-10 05:15:00,EQ-019,Cana-SP,72.7,7.5,0.7,60,12.5,38.4,11.6,42,MEDIO,0
336,2025-04-10 06:00:00,EQ-017,Milho-GO,36.6,1.4,1.3,885,22.0,22.1,6.4,12,BAIXO,0
337,2025-04-10 06:45:00,EQ-020,Soja-PR,32.8,9.0,10.6,74,24.4,41.3,10.4,42,MEDIO,0
338,2025-04-10 07:30:00,EQ-010,Cana-SP,66.3,1.6,9.4,118,19.2,24.4,12.3,50,MEDIO,0
339,2025-04-10 08:15:00,EQ-006,Soja-PR,28.3,9.5,3.2,423,20.9,20.0,11.0,32,BAIXO,0
340,2025-04-10 09:00:00,EQ-015,Cerrado-MT,100.0,2.1,12.2,150,17.6,26.7,5.3,51,MEDIO,0
341,2025-04-10 09:45:00,EQ-011,Soja-PR,56.6,1.0,20.6,281,11.2,42.0,7.7,39,MEDIO,0
342,2025-04-10 10:30:00,EQ-005,Cerrado-MT,62.0,1.4,0.5,176,17.1,33.4,8.5,38,MEDIO,0
343,2025-04-10 11:15:00,EQ-001,Cerrado-MT,38.8,0.0,8.3,407,21.1,31.6,11.0,28,BAIXO,0
344,2025-04-10 12:00:00,EQ-008,Soja-PR,48.7,10.1,14.0,78,17.2,32.8,6.3,48,MEDIO,0
345,2025-04-10 12:45:00,EQ-012,Cana-SP,46.5,10.5,3.5,18,22.8,23.4,7.0,52,MEDIO,0
346,2025-04-10 13:30:00,EQ-012,Milho-GO,44.2,5.8,4.4,107,15.6,30.0,5.8,26,BAIXO,0
347,2025-04-10 14:15:00,EQ-005,Milho-GO,67.7,1.4,11.4,193,16.0,28.0,7.3,47,MEDIO,0
348,2025-04-10 15:00:00,EQ-007,Cerrado-MT,46.0,0.7,27.4,55,23.0,38.9,6.5,47,MEDIO,0
349,2025-04-10 15:45:00,EQ-004,Cerrado-MT,75.4,0.2,19.9,131,19.3,27.3,12.2,43,MEDIO,0
350,2025-04-10 16:30:00,EQ-006,Cana-SP,100.0,1.4,10.5,153,15.5,25.7,7.7,57,ALTO,1
351,2025-04-10 17:15:00,EQ-013,Arroz-RS,49.1,17.7,15.7,18,24.2,21.0,10.4,61,ALTO,1
352,2025-04-10 18:00:00,EQ-020,Soja-PR,58.0,2.2,5.4,263,13.9,28.8,9.0,25,BAIXO,0
353,2025-04-10 18:45:00,EQ-015,Cerrado-MT,62.6,3.5,12.3,647,13.6,29.8,9.0,25,BAIXO,0
354,2025-04-10 19:30:00,EQ-003,Milho-GO,91.2,0.9,7.5,49,1.0,20.8,7.8,57,ALTO,1
355,2025-04-10 20:15:00,EQ-008,Cana-SP,53.3,2.0,2.5,273,14.7,30.7,10.5,25,BAIXO,0
356,2025-04-10 21:00:00,EQ-020,Soja-PR,38.4,5.9,14.5,328,25.9,29.4,9.3,28,BAIXO,0
357,2025-04-10 21:45:00,EQ-016,Cana-SP,29.7,7.5,9.8,163,5.6,34.1,9.2,37,MEDIO,0
358,2025-04-10 22:30:00,EQ-013,Soja-PR,53.8,2.3,5.3,362,12.3,35.3,7.8,27,BAIXO,0
359,2025-04-10 23:15:00,EQ-018,Soja-PR,46.0,0.5,29.1,159,20.6,28.6,8.1,48,MEDIO,0
360,2025-04-11 00:00:00,EQ-010,Cerrado-MT,95.2,4.0,0.3,211,4.5,21.8,10.2,43,MEDIO,0
361,2025-04-11 00:45:00,EQ-019,Cana-SP,90.4,2.1,4.6,10,14.9,23.0,9.5,57,ALTO,1
362,2025-04-11 01:30:00,EQ-017,Cana-SP,34.3,2.0,0.7,353,24.8,38.6,9.2,25,BAIXO,0
363,2025-04-11 02:15:00,EQ-019,Milho-GO,40.8,25.7,17.5,325,30.3,29.0,7.5,49,MEDIO,0
364,2025-04-11 03:00:00,EQ-005,Milho-GO,56.5,7.7,14.5,12,19.7,38.5,12.9,52,MEDIO,0
365,2025-04-11 03:45:00,EQ-009,Cerrado-MT,82.9,6.5,4.8,138,12.4,31.0,8.0,52,MEDIO,0
366,2025-04-11 04:30:00,EQ-012,Cerrado-MT,56.1,4.3,13.5,1159,12.2,32.5,8.9,24,BAIXO,0
367,2025-04-11 05:15:00,EQ-001,Arroz-RS,42.1,4.5,6.0,164,18.9,33.6,8.6,28,BAIXO,0
368,2025-04-11 06:00:00,EQ-001,Milho-GO,53.8,6.2,16.9,209,19.7,20.7,12.9,33,BAIXO,0
369,2025-04-11 06:45:00,EQ-015,Soja-PR,42.4,9.5,7.3,722,29.1,29.8,8.4,24,BAIXO,0
370,2025-04-11 07:30:00,EQ-002,Cana-SP,67.0,9.7,6.4,379,23.8,20.6,8.2,47,MEDIO,0
371,2025-04-11 08:15:00,EQ-016,Cerrado-MT,40.8,1.5,32.8,262,18.5,26.3,9.2,34,BAIXO,0
372,2025-04-11 09:00:00,EQ-008,Cana-SP,44.8,5.5,3.5,480,16.0,31.8,7.6,22,BAIXO,0
373,2025-04-11 09:45:00,EQ-013,Cana-SP,78.2,4.2,1.5,599,36.1,21.8,9.2,32,BAIXO,0
374,2025-04-11 10:30:00,EQ-001,Arroz-RS,39.6,16.4,10.5,183,21.8,31.4,13.7,49,MEDIO,0
375,2025-04-11 11:15:00,EQ-016,Milho-GO,26.1,8.0,41.8,193,14.0,19.0,9.6,55,ALTO,1
376,2025-04-11 12:00:00,EQ-007,Cerrado-MT,56.9,6.1,5.7,146,16.7,34.9,9.5,31,BAIXO,0
377,2025-04-11 12:45:00,EQ-005,Cana-SP,47.8,1.0,0.8,1021,12.7,24.0,7.6,24,BAIXO,0
378,2025-04-11 13:30:00,EQ-003,Cerrado-MT,65.2,7.4,5.0,358,3.6,21.8,12.4,38,MEDIO,0
379,2025-04-11 14:15:00,EQ-012,Soja-PR,61.3,1.0,8.5,26,19.9,19.4,12.9,52,MEDIO,0
380,2025-04-11 15:00:00,EQ-016,Arroz-RS,54.4,3.3,2.1,596,28.7,24.5,10.7,22,BAIXO,0
381,2025-04-11 15:45:00,EQ-019,Soja-PR,53.8,1.2,12.9,197,8.2,16.6,10.3,44,MEDIO,0
382,2025-04-11 16:30:00,EQ-005,Cerrado-MT,40.3,9.4,73.2,21,18.3,24.7,8.5,63,ALTO,1
383,2025-04-11 17:15:00,EQ-014,Cerrado-MT,56.7,1.8,7.2,239,13.8,34.6,9.8,25,BAIXO,0
384,2025-04-11 18:00:00,EQ-005,Milho-GO,72.6,4.0,5.3,162,21.1,26.9,7.3,41,MEDIO,0
385,2025-04-11 18:45:00,EQ-015,Cana-SP,35.5,18.1,6.1,631,17.0,20.9,6.7,25,BAIXO,0
386,2025-04-11 19:30:00,EQ-017,Cana-SP,54.9,1.8,1.5,68,9.8,29.4,6.0,34,BAIXO,0
387,2025-04-11 20:15:00,EQ-014,Soja-PR,75.8,5.7,25.8,525,12.1,28.8,9.8,44,MEDIO,0
388,2025-04-11 21:00:00,EQ-020,Arroz-RS,65.1,4.3,6.4,245,13.0,39.7,6.2,35,MEDIO,0
389,2025-04-11 21:45:00,EQ-005,Cana-SP,81.2,0.1,5.9,17,26.1,32.7,8.0,58,ALTO,1
390,2025-04-11 22:30:00,EQ-012,Milho-GO,43.6,12.6,12.9,1071,25.8,29.8,8.9,31,BAIXO,0
391,2025-04-11 23:15:00,EQ-016,Soja-PR,18.4,0.6,7.0,216,16.1,33.4,11.0,20,BAIXO,0
392,2025-04-12 00:00:00,EQ-016,Soja-PR,59.0,5.1,12.5,103,25.4,27.2,7.8,49,MEDIO,0
393,2025-04-12 00:45:00,EQ-007,Milho-GO,62.3,6.6,0.8,190,17.0,27.5,11.2,38,MEDIO,0
394,2025-04-12 01:30:00,EQ-004,Arroz-RS,82.4,7.9,20.2,585,16.0,38.0,10.9,50,MEDIO,0
395,2025-04-12 02:15:00,EQ-001,Milho-GO,78.8,9.3,33.9,109,18.3,18.2,6.9,63,ALTO,1
396,2025-04-12 03:00:00,EQ-005,Arroz-RS,65.7,2.3,12.6,64,19.7,33.8,11.2,46,MEDIO,0
397,2025-04-12 03:45:00,EQ-010,Milho-GO,70.3,0.1,37.1,41,14.7,27.3,8.4,64,ALTO,1
398,2025-04-12 04:30:00,EQ-005,Milho-GO,51.2,10.3,2.0,106,18.1,26.3,8.0,35,MEDIO,0
399,2025-04-12 05:15:00,EQ-004,Cerrado-MT,30.6,6.1,7.8,454,22.7,24.7,8.4,25,BAIXO,0
400,2025-04-12 06:00:00,EQ-002,Soja-PR,57.4,14.5,11.0,191,18.8,28.9,9.0,39,MEDIO,0
401,2025-04-12 06:45:00,EQ-020,Milho-GO,74.7,13.8,10.5,77,18.3,27.7,8.2,56,ALTO,1
402,2025-04-12 07:30:00,EQ-010,Milho-GO,68.1,14.8,6.2,55,21.0,25.5,7.3,46,MEDIO,0
403,2025-04-12 08:15:00,EQ-019,Cana-SP,71.7,5.3,5.0,121,22.0,23.8,7.5,41,MEDIO,0
404,2025-04-12 09:00:00,EQ-001,Soja-PR,46.4,3.2,1.6,844,17.6,16.6,9.3,20,BAIXO,0
405,2025-04-12 09:45:00,EQ-005,Cana-SP,49.7,12.5,6.0,126,15.2,23.7,8.7,47,MEDIO,0
406,2025-04-12 10:30:00,EQ-013,Soja-PR,64.7,4.8,2.1,1330,19.1,24.9,10.1,18,BAIXO,0
407,2025-04-12 11:15:00,EQ-004,Cana-SP,44.1,1.6,15.9,199,8.4,28.9,9.1,38,MEDIO,0
408,2025-04-12 12:00:00,EQ-016,Milho-GO,44.7,15.4,2.8,59,16.7,39.8,9.2,47,MEDIO,0
409,2025-04-12 12:45:00,EQ-016,Milho-GO,61.0,17.1,0.7,665,3.2,24.3,10.2,28,BAIXO,0
410,2025-04-12 13:30:00,EQ-002,Cerrado-MT,70.2,5.0,9.6,185,7.9,21.9,11.8,48,MEDIO,0
411,2025-04-12 14:15:00,EQ-017,Cana-SP,51.0,0.6,10.9,371,7.0,23.7,11.9,38,MEDIO,0
412,2025-04-12 15:00:00,EQ-020,Arroz-RS,31.7,3.9,24.7,1235,24.3,28.9,11.7,26,BAIXO,0
413,2025-04-12 15:45:00,EQ-012,Cerrado-MT,40.3,13.0,10.3,15,18.1,31.5,10.7,52,MEDIO,0
414,2025-04-12 16:30:00,EQ-018,Cana-SP,59.1,18.6,5.1,31,10.4,32.4,13.2,56,ALTO,1
415,2025-04-12 17:15:00,EQ-003,Cana-SP,58.8,1.8,19.5,382,20.9,33.0,9.9,33,BAIXO,0
416,2025-04-12 18:00:00,EQ-001,Cerrado-MT,59.8,0.6,9.3,99,23.9,33.8,9.7,42,MEDIO,0
417,2025-04-12 18:45:00,EQ-001,Milho-GO,65.4,16.8,1.0,61,21.1,26.3,13.5,59,ALTO,1
418,2025-04-12 19:30:00,EQ-019,Cana-SP,55.1,3.9,10.0,12,16.9,40.3,3.5,46,MEDIO,0
419,2025-04-12 20:15:00,EQ-011,Milho-GO,60.3,6.2,28.6,10,19.4,25.9,8.6,56,ALTO,1
420,2025-04-12 21:00:00,EQ-005,Cerrado-MT,54.1,27.6,6.1,447,23.4,28.7,11.5,50,MEDIO,0
421,2025-04-12 21:45:00,EQ-012,Milho-GO,78.0,0.6,4.2,43,15.2,35.8,11.0,51,MEDIO,0
422,2025-04-12 22:30:00,EQ-003,Soja-PR,83.6,8.4,1.9,189,18.2,31.4,14.0,58,ALTO,1
423,2025-04-12 23:15:00,EQ-001,Arroz-RS,31.2,0.6,2.0,279,16.5,14.6,9.2,19,BAIXO,0
424,2025-04-13 00:00:00,EQ-001,Cana-SP,49.9,3.8,6.8,168,8.3,28.0,8.1,37,MEDIO,0
425,2025-04-13 00:45:00,EQ-008,Arroz-RS,55.7,13.0,10.9,10,23.5,33.2,8.3,55,ALTO,1
426,2025-04-13 01:30:00,EQ-010,Milho-GO,49.7,4.5,1.0,459,30.3,19.9,9.6,23,BAIXO,0
427,2025-04-13 02:15:00,EQ-011,Cana-SP,90.9,45.0,33.7,10,12.8,32.5,12.2,91,CRITICO,1
428,2025-04-13 03:00:00,EQ-012,Milho-GO,59.5,6.6,16.9,431,23.8,30.3,12.3,31,BAIXO,0
429,2025-04-13 03:45:00,EQ-013,Soja-PR,38.9,3.1,10.6,671,12.9,35.1,8.9,19,BAIXO,0
430,2025-04-13 04:30:00,EQ-012,Cerrado-MT,66.9,2.0,21.2,170,18.8,23.8,9.5,56,ALTO,1
431,2025-04-13 05:15:00,EQ-014,Cana-SP,60.4,3.5,1.0,230,27.0,34.0,7.8,29,BAIXO,0
432,2025-04-13 06:00:00,EQ-002,Soja-PR,61.1,3.7,7.8,194,14.9,29.0,8.0,34,BAIXO,0
433,2025-04-13 06:45:00,EQ-019,Soja-PR,91.2,0.6,11.9,148,17.9,38.6,11.1,57,ALTO,1
434,2025-04-13 07:30:00,EQ-018,Cana-SP,62.0,3.7,21.2,655,7.2,42.0,12.2,36,MEDIO,0
435,2025-04-13 08:15:00,EQ-003,Milho-GO,48.9,5.0,18.4,673,14.0,37.2,7.6,25,BAIXO,0
436,2025-04-13 09:00:00,EQ-017,Soja-PR,15.9,10.3,3.9,123,6.6,30.9,9.5,34,BAIXO,0
437,2025-04-13 09:45:00,EQ-008,Arroz-RS,51.7,8.6,33.9,286,20.6,41.9,8.5,50,MEDIO,0
438,2025-04-13 10:30:00,EQ-010,Soja-PR,81.1,9.9,1.6,785,23.0,31.6,10.7,43,MEDIO,0
439,2025-04-13 11:15:00,EQ-002,Milho-GO,53.2,0.1,25.0,982,16.7,22.6,8.2,37,MEDIO,0
440,2025-04-13 12:00:00,EQ-019,Milho-GO,10.2,2.0,42.5,213,19.7,27.8,5.1,46,MEDIO,0
441,2025-04-13 12:45:00,EQ-009,Arroz-RS,45.0,8.7,2.3,181,16.0,32.6,11.0,43,MEDIO,0
442,2025-04-13 13:30:00,EQ-007,Soja-PR,74.9,5.3,15.4,98,22.4,33.0,8.4,44,MEDIO,0
443,2025-04-13 14:15:00,EQ-004,Milho-GO,65.9,0.0,0.5,957,18.8,21.2,8.6,30,BAIXO,0
444,2025-04-13 15:00:00,EQ-018,Cana-SP,38.2,13.1,6.2,46,6.1,21.4,9.9,41,MEDIO,0
445,2025-04-13 15:45:00,EQ-013,Cerrado-MT,43.7,11.9,8.7,260,23.6,26.0,9.7,39,MEDIO,0
446,2025-04-13 16:30:00,EQ-011,Cerrado-MT,46.8,6.4,10.4,100,15.7,31.2,9.9,43,MEDIO,0
447,2025-04-13 17:15:00,EQ-004,Cerrado-MT,41.7,0.6,33.0,98,10.4,32.0,5.7,42,MEDIO,0
448,2025-04-13 18:00:00,EQ-004,Soja-PR,14.4,11.6,13.4,156,15.4,28.8,10.1,43,MEDIO,0
449,2025-04-13 18:45:00,EQ-010,Arroz-RS,70.3,7.0,7.9,1500,6.6,23.0,5.2,30,BAIXO,0
450,2025-04-13 19:30:00,EQ-005,Milho-GO,80.1,12.2,19.9,17,10.5,38.4,10.5,64,ALTO,1
451,2025-04-13 20:15:00,EQ-009,Cana-SP,24.6,11.1,36.1,259,18.9,21.6,11.2,44,MEDIO,0
452,2025-04-13 21:00:00,EQ-003,Cana-SP,79.9,13.0,0.3,26,19.4,35.8,6.3,55,ALTO,1
453,2025-04-13 21:45:00,EQ-017,Soja-PR,52.9,5.8,48.6,50,19.8,32.4,9.7,61,ALTO,1
454,2025-04-13 22:30:00,EQ-003,Cerrado-MT,79.5,1.2,1.1,174,18.0,35.7,11.1,43,MEDIO,0
455,2025-04-13 23:15:00,EQ-016,Soja-PR,55.8,8.9,20.2,214,13.8,25.3,8.1,52,MEDIO,0
456,2025-04-14 00:00:00,EQ-004,Arroz-RS,57.7,7.8,3.9,90,17.7,27.1,10.3,37,MEDIO,0
457,2025-04-14 00:45:00,EQ-018,Arroz-RS,62.4,10.8,1.7,114,15.4,28.3,3.4,44,MEDIO,0
458,2025-04-14 01:30:00,EQ-017,Milho-GO,39.2,1.5,7.0,27,8.2,25.1,11.2,35,MEDIO,0
459,2025-04-14 02:15:00,EQ-007,Milho-GO,78.9,1.7,12.4,108,13.4,29.4,9.1,51,MEDIO,0
460,2025-04-14 03:00:00,EQ-005,Arroz-RS,32.6,17.7,5.8,1019,23.3,37.5,8.5,24,BAIXO,0
461,2025-04-14 03:45:00,EQ-012,Arroz-RS,47.0,11.1,0.7,869,27.5,20.2,11.0,27,BAIXO,0
462,2025-04-14 04:30:00,EQ-017,Arroz-RS,65.5,19.1,11.0,122,21.9,24.1,12.5,59,ALTO,1
463,2025-04-14 05:15:00,EQ-013,Soja-PR,44.8,11.4,27.9,254,27.3,23.4,10.0,38,MEDIO,0
464,2025-04-14 06:00:00,EQ-003,Arroz-RS,70.6,7.3,5.8,721,18.5,27.4,12.2,27,BAIXO,0
465,2025-04-14 06:45:00,EQ-009,Cana-SP,82.5,8.5,2.9,10,28.5,27.2,5.9,65,ALTO,1
466,2025-04-14 07:30:00,EQ-017,Cerrado-MT,75.3,17.6,7.0,499,30.3,32.6,10.3,49,MEDIO,0
467,2025-04-14 08:15:00,EQ-017,Arroz-RS,16.3,6.9,0.6,889,7.6,28.2,8.7,16,BAIXO,0
468,2025-04-14 09:00:00,EQ-020,Cerrado-MT,57.5,8.0,20.6,29,19.3,29.8,7.4,62,ALTO,1
469,2025-04-14 09:45:00,EQ-016,Soja-PR,75.6,1.4,21.0,53,18.5,30.4,5.1,61,ALTO,1
470,2025-04-14 10:30:00,EQ-013,Cerrado-MT,28.7,5.1,10.6,971,15.5,29.5,10.2,22,BAIXO,0
471,2025-04-14 11:15:00,EQ-019,Soja-PR,69.5,10.1,5.2,231,21.0,32.2,10.8,42,MEDIO,0
472,2025-04-14 12:00:00,EQ-017,Cana-SP,68.3,2.5,19.3,10,18.2,27.3,11.7,55,ALTO,1
473,2025-04-14 12:45:00,EQ-004,Soja-PR,30.8,1.8,9.7,89,13.6,37.9,11.4,39,MEDIO,0
474,2025-04-14 13:30:00,EQ-012,Soja-PR,71.7,3.0,21.0,179,17.8,42.0,7.5,61,ALTO,1
475,2025-04-14 14:15:00,EQ-009,Milho-GO,60.5,2.2,12.0,354,25.2,32.2,11.6,33,BAIXO,0
476,2025-04-14 15:00:00,EQ-019,Arroz-RS,68.0,1.9,18.4,396,19.1,29.4,11.8,40,MEDIO,0
477,2025-04-14 15:45:00,EQ-012,Arroz-RS,35.7,4.4,11.0,1500,21.8,31.7,8.5,17,BAIXO,0
478,2025-04-14 16:30:00,EQ-009,Cana-SP,58.0,19.1,6.4,102,16.3,21.4,9.1,47,MEDIO,0
479,2025-04-14 17:15:00,EQ-007,Cana-SP,20.9,5.7,38.0,232,20.7,29.1,7.1,29,BAIXO,0
480,2025-04-14 18:00:00,EQ-014,Arroz-RS,10.0,1.7,9.3,229,10.7,23.6,12.0,25,BAIXO,0
481,2025-04-14 18:45:00,EQ-020,Milho-GO,57.8,0.6,11.1,156,15.0,31.1,6.0,43,MEDIO,0
482,2025-04-14 19:30:00,EQ-019,Arroz-RS,77.0,9.5,3.0,56,17.4,23.6,10.1,49,MEDIO,0
483,2025-04-14 20:15:00,EQ-015,Milho-GO,60.1,3.9,11.8,1138,10.3,25.9,7.8,34,BAIXO,0
484,2025-04-14 21:00:00,EQ-016,Cana-SP,53.7,13.8,10.2,576,13.0,16.8,6.8,32,BAIXO,0
485,2025-04-14 21:45:00,EQ-005,Cerrado-MT,51.2,8.6,2.5,207,19.9,21.0,5.3,32,BAIXO,0
486,2025-04-14 22:30:00,EQ-003,Cana-SP,36.1,12.7,0.7,277,18.8,30.1,8.6,31,BAIXO,0
487,2025-04-14 23:15:00,EQ-012,Cana-SP,50.6,2.5,11.1,77,22.8,22.8,6.5,36,MEDIO,0
488,2025-04-15 00:00:00,EQ-020,Soja-PR,63.4,9.4,17.3,235,14.4,34.4,9.1,35,MEDIO,0
489,2025-04-15 00:45:00,EQ-004,Soja-PR,46.3,2.5,8.9,356,18.3,22.3,12.5,35,MEDIO,0
490,2025-04-15 01:30:00,EQ-016,Soja-PR,70.0,22.4,3.1,217,14.0,30.7,9.4,49,MEDIO,0
491,2025-04-15 02:15:00,EQ-007,Soja-PR,58.9,8.1,13.2,1390,22.2,23.4,13.0,33,BAIXO,0
492,2025-04-15 03:00:00,EQ-013,Milho-GO,61.3,3.1,1.0,284,25.1,30.3,7.0,25,BAIXO,0
493,2025-04-15 03:45:00,EQ-010,Arroz-RS,72.8,2.5,7.0,139,20.9,18.8,6.4,44,MEDIO,0
494,2025-04-15 04:30:00,EQ-007,Cerrado-MT,44.5,1.7,2.1,444,24.4,25.3,6.9,19,BAIXO,0
495,2025-04-15 05:15:00,EQ-014,Cana-SP,68.2,9.5,2.4,56,18.2,22.9,8.9,50,MEDIO,0
496,2025-04-15 06:00:00,EQ-005,Milho-GO,47.3,2.0,2.7,146,22.8,33.3,14.0,32,BAIXO,0
497,2025-04-15 06:45:00,EQ-003,Cerrado-MT,61.8,7.2,5.9,128,18.5,30.8,5.7,35,MEDIO,0
498,2025-04-15 07:30:00,EQ-011,Milho-GO,42.1,2.5,0.6,170,11.9,20.6,10.2,36,MEDIO,0
499,2025-04-15 08:15:00,EQ-011,Milho-GO,36.8,8.7,6.1,457,19.5,26.8,7.6,26,BAIXO,0
500,2025-04-15 09:00:00,EQ-018,Cana-SP,56.8,13.5,8.6,199,12.0,23.4,8.6,47,MEDIO,0
501,2025-04-15 09:45:00,EQ-015,Arroz-RS,17.3,12.0,7.9,474,32.0,33.7,6.5,27,BAIXO,0
502,2025-04-15 10:30:00,EQ-012,Soja-PR,49.1,11.4,5.8,258,16.0,35.6,10.8,34,BAIXO,0
503,2025-04-15 11:15:00,EQ-009,Arroz-RS,22.9,1.7,21.9,126,21.9,19.4,8.9,45,MEDIO,0
504,2025-04-15 12:00:00,EQ-010,Cana-SP,70.6,0.7,1.9,498,17.9,33.0,11.2,36,MEDIO,0
505,2025-04-15 12:45:00,EQ-012,Cana-SP,76.0,9.6,8.5,82,10.6,23.1,9.4,56,ALTO,1
506,2025-04-15 13:30:00,EQ-017,Cana-SP,37.7,3.7,0.8,76,6.6,26.5,5.1,29,BAIXO,0
507,2025-04-15 14:15:00,EQ-006,Cerrado-MT,63.6,4.5,0.9,211,22.5,28.2,11.2,28,BAIXO,0
508,2025-04-15 15:00:00,EQ-007,Arroz-RS,73.0,0.3,10.2,91,27.3,38.9,5.0,49,MEDIO,0
509,2025-04-15 15:45:00,EQ-014,Arroz-RS,73.0,2.4,10.0,10,13.6,22.0,5.3,51,MEDIO,0
510,2025-04-15 16:30:00,EQ-013,Milho-GO,59.3,0.3,25.2,313,8.1,33.0,7.2,49,MEDIO,0
511,2025-04-15 17:15:00,EQ-008,Milho-GO,69.7,16.9,9.8,215,16.0,21.0,7.2,58,ALTO,1
512,2025-04-15 18:00:00,EQ-010,Milho-GO,42.0,2.2,38.6,177,12.4,20.6,11.8,41,MEDIO,0
513,2025-04-15 18:45:00,EQ-009,Cana-SP,56.7,6.5,0.6,1023,14.1,28.2,8.7,22,BAIXO,0
514,2025-04-15 19:30:00,EQ-018,Arroz-RS,45.7,0.3,1.2,254,21.7,28.1,11.5,23,BAIXO,0
515,2025-04-15 20:15:00,EQ-002,Cana-SP,40.3,8.8,0.5,597,17.7,11.0,7.9,20,BAIXO,0
516,2025-04-15 21:00:00,EQ-005,Cerrado-MT,55.7,3.1,2.5,45,13.0,35.0,9.6,38,MEDIO,0
517,2025-04-15 21:45:00,EQ-005,Milho-GO,62.0,18.3,9.4,253,21.5,15.2,9.9,47,MEDIO,0
518,2025-04-15 22:30:00,EQ-006,Cana-SP,78.3,17.5,12.4,607,22.0,27.1,10.4,45,MEDIO,0
519,2025-04-15 23:15:00,EQ-019,Cana-SP,60.3,3.1,0.6,262,16.0,36.0,8.1,29,BAIXO,0
520,2025-04-16 00:00:00,EQ-008,Cerrado-MT,67.8,18.5,35.0,380,18.8,41.3,8.2,66,ALTO,1
521,2025-04-16 00:45:00,EQ-016,Soja-PR,68.1,44.5,22.2,140,21.1,25.8,8.4,76,CRITICO,1
522,2025-04-16 01:30:00,EQ-013,Arroz-RS,100.0,14.0,4.2,29,20.6,19.4,5.7,64,ALTO,1
523,2025-04-16 02:15:00,EQ-001,Soja-PR,18.8,14.9,1.0,184,18.2,35.7,8.8,33,BAIXO,0
524,2025-04-16 03:00:00,EQ-020,Milho-GO,41.2,2.3,2.2,151,26.6,33.2,8.2,31,BAIXO,0
525,2025-04-16 03:45:00,EQ-017,Cana-SP,84.5,6.9,1.6,605,21.5,25.1,10.2,34,BAIXO,0
526,2025-04-16 04:30:00,EQ-007,Cerrado-MT,48.0,0.6,1.6,84,15.3,24.3,9.2,38,MEDIO,0
527,2025-04-16 05:15:00,EQ-013,Cerrado-MT,72.7,0.8,8.8,1021,15.3,23.7,11.7,30,BAIXO,0
528,2025-04-16 06:00:00,EQ-004,Arroz-RS,59.6,45.0,3.4,952,14.7,25.9,9.1,39,MEDIO,0
529,2025-04-16 06:45:00,EQ-004,Soja-PR,97.1,3.2,5.3,85,21.8,29.9,7.9,47,MEDIO,0
530,2025-04-16 07:30:00,EQ-006,Arroz-RS,32.7,11.0,54.7,128,14.3,24.6,9.1,57,ALTO,1
531,2025-04-16 08:15:00,EQ-019,Cana-SP,79.4,13.1,13.8,678,15.5,25.4,10.4,43,MEDIO,0
532,2025-04-16 09:00:00,EQ-012,Arroz-RS,90.0,15.6,35.7,1020,24.3,31.8,5.5,65,ALTO,1
533,2025-04-16 09:45:00,EQ-007,Cerrado-MT,34.7,45.0,1.8,176,19.1,19.1,7.6,49,MEDIO,0
534,2025-04-16 10:30:00,EQ-010,Cerrado-MT,70.7,2.2,5.8,116,25.2,25.7,7.6,35,MEDIO,0
535,2025-04-16 11:15:00,EQ-019,Milho-GO,35.7,0.3,9.7,224,22.8,17.9,9.8,28,BAIXO,0
536,2025-04-16 12:00:00,EQ-007,Milho-GO,55.6,4.2,1.0,349,10.9,28.7,10.1,30,BAIXO,0
537,2025-04-16 12:45:00,EQ-003,Cana-SP,49.9,1.1,0.1,96,17.4,16.4,9.2,44,MEDIO,0
538,2025-04-16 13:30:00,EQ-013,Soja-PR,10.0,0.2,13.3,400,23.9,33.3,4.0,26,BAIXO,0
539,2025-04-16 14:15:00,EQ-013,Arroz-RS,63.5,3.6,12.3,16,10.7,20.1,5.7,47,MEDIO,0
540,2025-04-16 15:00:00,EQ-018,Cana-SP,57.9,12.3,6.3,15,20.5,17.4,8.5,49,MEDIO,0
541,2025-04-16 15:45:00,EQ-020,Milho-GO,84.6,6.7,8.1,146,17.8,25.8,8.0,56,ALTO,1
542,2025-04-16 16:30:00,EQ-008,Arroz-RS,67.2,3.0,6.4,131,7.5,38.3,9.0,47,MEDIO,0
543,2025-04-16 17:15:00,EQ-009,Milho-GO,100.0,8.5,0.3,114,18.7,32.3,8.1,54,MEDIO,0
544,2025-04-16 18:00:00,EQ-007,Arroz-RS,57.1,2.1,4.9,203,13.0,16.5,12.1,27,BAIXO,0
545,2025-04-16 18:45:00,EQ-001,Soja-PR,52.9,0.1,2.3,116,11.0,19.9,4.4,38,MEDIO,0
546,2025-04-16 19:30:00,EQ-003,Cana-SP,51.3,11.6,1.2,64,18.1,25.6,9.6,42,MEDIO,0
547,2025-04-16 20:15:00,EQ-013,Arroz-RS,46.2,7.8,37.7,111,6.4,41.4,10.7,53,MEDIO,0
548,2025-04-16 21:00:00,EQ-017,Cerrado-MT,10.8,11.5,11.0,1106,14.0,22.4,10.4,26,BAIXO,0
549,2025-04-16 21:45:00,EQ-001,Cerrado-MT,50.6,0.3,15.7,159,33.3,22.4,10.6,45,MEDIO,0
550,2025-04-16 22:30:00,EQ-006,Arroz-RS,13.6,14.5,4.5,176,21.9,37.2,10.9,31,BAIXO,0
551,2025-04-16 23:15:00,EQ-006,Arroz-RS,64.0,7.7,6.0,258,12.7,29.2,7.8,23,BAIXO,0
552,2025-04-17 00:00:00,EQ-012,Arroz-RS,30.2,6.6,3.2,1228,26.4,34.3,6.8,19,BAIXO,0
553,2025-04-17 00:45:00,EQ-013,Cerrado-MT,37.1,7.8,1.2,83,12.0,23.6,4.9,30,BAIXO,0
554,2025-04-17 01:30:00,EQ-013,Cerrado-MT,41.6,16.0,2.4,343,14.7,27.4,8.3,38,MEDIO,0
555,2025-04-17 02:15:00,EQ-015,Arroz-RS,50.9,7.1,19.2,378,11.1,35.9,7.4,34,BAIXO,0
556,2025-04-17 03:00:00,EQ-016,Milho-GO,55.1,7.0,13.6,280,19.5,27.1,11.3,33,BAIXO,0
557,2025-04-17 03:45:00,EQ-011,Milho-GO,76.7,37.4,9.5,28,26.2,34.7,8.4,74,ALTO,1
558,2025-04-17 04:30:00,EQ-005,Soja-PR,43.4,11.3,7.7,339,12.0,30.3,6.9,27,BAIXO,0
559,2025-04-17 05:15:00,EQ-004,Cana-SP,64.6,4.7,30.7,20,5.6,21.8,6.6,61,ALTO,1
560,2025-04-17 06:00:00,EQ-003,Milho-GO,100.0,9.8,0.9,272,24.5,27.9,13.0,49,MEDIO,0
561,2025-04-17 06:45:00,EQ-019,Cerrado-MT,62.5,3.9,4.0,404,27.3,33.9,9.0,30,BAIXO,0
562,2025-04-17 07:30:00,EQ-020,Milho-GO,51.4,2.1,5.2,71,6.0,32.0,7.4,37,MEDIO,0
563,2025-04-17 08:15:00,EQ-018,Soja-PR,39.4,7.3,18.3,553,20.8,27.8,9.2,18,BAIXO,0
564,2025-04-17 09:00:00,EQ-015,Soja-PR,51.1,21.1,58.7,10,19.4,16.6,12.8,80,CRITICO,1
565,2025-04-17 09:45:00,EQ-009,Cana-SP,37.3,21.2,3.3,557,13.3,17.2,8.2,29,BAIXO,0
566,2025-04-17 10:30:00,EQ-017,Milho-GO,60.4,3.3,24.9,185,9.6,18.5,10.4,49,MEDIO,0
567,2025-04-17 11:15:00,EQ-014,Cerrado-MT,57.1,6.0,21.3,74,24.0,24.9,11.4,56,ALTO,1
568,2025-04-17 12:00:00,EQ-015,Cerrado-MT,11.8,1.9,3.1,43,19.1,25.7,5.2,38,MEDIO,0
569,2025-04-17 12:45:00,EQ-001,Arroz-RS,54.6,43.5,6.1,919,19.5,19.1,7.7,41,MEDIO,0
570,2025-04-17 13:30:00,EQ-003,Cerrado-MT,76.5,31.8,6.3,23,14.3,34.1,11.1,72,ALTO,1
571,2025-04-17 14:15:00,EQ-016,Cana-SP,47.0,8.4,45.9,67,13.2,20.4,7.6,63,ALTO,1
572,2025-04-17 15:00:00,EQ-011,Cana-SP,41.9,13.1,2.4,128,3.3,19.8,9.8,41,MEDIO,0
573,2025-04-17 15:45:00,EQ-012,Cerrado-MT,27.4,10.0,19.3,290,16.6,28.5,7.5,34,BAIXO,0
574,2025-04-17 16:30:00,EQ-010,Cerrado-MT,17.8,7.2,4.9,236,26.6,33.8,8.1,28,BAIXO,0
575,2025-04-17 17:15:00,EQ-016,Arroz-RS,71.6,0.4,15.8,40,12.7,40.3,7.9,53,MEDIO,0
576,2025-04-17 18:00:00,EQ-008,Cerrado-MT,51.4,4.9,6.5,103,8.9,31.5,10.3,35,MEDIO,0
577,2025-04-17 18:45:00,EQ-006,Arroz-RS,70.4,9.0,10.4,82,20.6,37.5,9.4,53,MEDIO,0
578,2025-04-17 19:30:00,EQ-012,Arroz-RS,85.6,9.1,21.4,72,21.7,20.7,9.2,69,ALTO,1
579,2025-04-17 20:15:00,EQ-008,Cerrado-MT,73.4,3.7,19.6,159,14.5,41.0,14.0,48,MEDIO,0
580,2025-04-17 21:00:00,EQ-004,Soja-PR,44.2,22.7,24.2,365,15.9,16.8,12.5,47,MEDIO,0
581,2025-04-17 21:45:00,EQ-008,Soja-PR,57.9,1.5,0.7,74,19.6,25.0,5.0,41,MEDIO,0
582,2025-04-17 22:30:00,EQ-018,Arroz-RS,42.7,5.6,14.1,137,17.1,31.4,8.1,40,MEDIO,0
583,2025-04-17 23:15:00,EQ-005,Cerrado-MT,40.8,9.4,1.8,149,24.0,18.4,13.9,37,MEDIO,0
584,2025-04-18 00:00:00,EQ-009,Soja-PR,61.9,9.6,6.5,1125,32.6,22.4,7.9,26,BAIXO,0
585,2025-04-18 00:45:00,EQ-004,Cerrado-MT,38.4,8.4,9.5,928,7.7,21.5,13.2,25,BAIXO,0
586,2025-04-18 01:30:00,EQ-017,Cerrado-MT,10.8,2.6,6.2,483,25.4,26.1,8.1,24,BAIXO,0
587,2025-04-18 02:15:00,EQ-009,Cerrado-MT,37.2,1.4,8.8,83,18.6,36.5,8.5,36,MEDIO,0
588,2025-04-18 03:00:00,EQ-001,Milho-GO,48.9,8.1,68.0,21,26.3,28.1,10.7,69,ALTO,1
589,2025-04-18 03:45:00,EQ-020,Cerrado-MT,85.4,7.3,1.7,114,22.3,25.2,8.8,52,MEDIO,0
590,2025-04-18 04:30:00,EQ-013,Milho-GO,45.2,1.6,13.5,93,18.4,10.7,10.0,44,MEDIO,0
591,2025-04-18 05:15:00,EQ-016,Arroz-RS,65.2,9.8,6.1,212,22.6,30.8,12.1,41,MEDIO,0
592,2025-04-18 06:00:00,EQ-013,Soja-PR,51.6,4.9,1.7,451,15.6,32.7,10.5,25,BAIXO,0
593,2025-04-18 06:45:00,EQ-014,Soja-PR,79.5,8.8,2.1,586,13.4,17.8,9.3,32,BAIXO,0
594,2025-04-18 07:30:00,EQ-003,Soja-PR,78.1,14.5,35.8,559,22.9,27.6,12.3,50,MEDIO,0
595,2025-04-18 08:15:00,EQ-006,Soja-PR,78.5,1.5,25.4,134,12.9,29.2,10.8,64,ALTO,1
596,2025-04-18 09:00:00,EQ-018,Soja-PR,20.3,0.2,28.5,349,21.9,33.8,7.5,32,BAIXO,0
597,2025-04-18 09:45:00,EQ-019,Soja-PR,59.1,12.1,57.3,113,18.2,23.7,13.0,66,ALTO,1
598,2025-04-18 10:30:00,EQ-005,Soja-PR,70.2,7.5,2.8,19,4.0,22.7,10.3,48,MEDIO,0
599,2025-04-18 11:15:00,EQ-015,Arroz-RS,62.6,9.6,5.3,363,14.6,25.3,8.6,32,BAIXO,0
600,2025-04-18 12:00:00,EQ-002,Cerrado-MT,67.7,14.6,13.3,10,20.0,35.7,5.0,65,ALTO,1
601,2025-04-18 12:45:00,EQ-010,Cana-SP,56.2,13.0,7.9,158,15.6,34.3,6.2,41,MEDIO,0
602,2025-04-18 13:30:00,EQ-018,Milho-GO,40.1,25.9,6.5,120,2.7,27.9,12.4,51,MEDIO,0
603,2025-04-18 14:15:00,EQ-013,Cana-SP,21.1,6.1,5.3,355,25.9,34.1,12.5,22,BAIXO,0
604,2025-04-18 15:00:00,EQ-005,Cana-SP,42.1,5.4,10.8,436,19.0,13.8,9.2,25,BAIXO,0
605,2025-04-18 15:45:00,EQ-001,Cerrado-MT,100.0,4.1,10.3,109,20.7,32.7,5.5,59,ALTO,1
606,2025-04-18 16:30:00,EQ-001,Cerrado-MT,45.3,1.3,2.1,501,15.2,21.3,6.8,21,BAIXO,0
607,2025-04-18 17:15:00,EQ-018,Cerrado-MT,15.8,6.8,7.7,104,21.2,38.6,5.8,25,BAIXO,0
608,2025-04-18 18:00:00,EQ-015,Soja-PR,69.7,2.6,9.7,177,29.0,21.6,5.7,47,MEDIO,0
609,2025-04-18 18:45:00,EQ-017,Arroz-RS,72.1,20.3,10.1,390,13.6,22.9,13.1,46,MEDIO,0
610,2025-04-18 19:30:00,EQ-011,Soja-PR,80.7,7.0,2.8,354,28.0,31.4,13.1,43,MEDIO,0
611,2025-04-18 20:15:00,EQ-017,Arroz-RS,64.4,7.2,16.3,1311,20.4,32.0,6.8,31,BAIXO,0
612,2025-04-18 21:00:00,EQ-013,Arroz-RS,71.9,3.5,0.3,77,12.8,25.3,9.0,40,MEDIO,0
613,2025-04-18 21:45:00,EQ-001,Cana-SP,91.8,0.4,5.3,326,31.3,30.2,6.4,44,MEDIO,0
614,2025-04-18 22:30:00,EQ-002,Cana-SP,40.1,0.3,18.2,282,20.3,31.0,9.0,29,BAIXO,0
615,2025-04-18 23:15:00,EQ-009,Arroz-RS,36.1,4.4,10.0,740,22.1,30.4,12.3,19,BAIXO,0
616,2025-04-19 00:00:00,EQ-003,Arroz-RS,33.1,0.7,3.6,51,16.4,25.6,11.2,34,BAIXO,0
617,2025-04-19 00:45:00,EQ-001,Soja-PR,49.7,7.5,14.2,418,13.2,31.0,10.6,33,BAIXO,0
618,2025-04-19 01:30:00,EQ-016,Soja-PR,83.7,17.0,10.1,252,19.0,36.4,8.6,69,ALTO,1
619,2025-04-19 02:15:00,EQ-006,Cana-SP,65.6,17.2,19.1,96,27.5,20.6,11.5,59,ALTO,1
620,2025-04-19 03:00:00,EQ-017,Cerrado-MT,64.8,8.6,15.9,193,16.1,23.0,10.3,47,MEDIO,0
621,2025-04-19 03:45:00,EQ-005,Arroz-RS,18.6,1.9,11.3,122,17.8,28.2,9.8,35,MEDIO,0
622,2025-04-19 04:30:00,EQ-005,Soja-PR,41.1,15.9,8.0,260,26.7,21.7,8.8,41,MEDIO,0
623,2025-04-19 05:15:00,EQ-006,Cana-SP,18.3,17.4,1.7,659,16.2,17.2,9.6,32,BAIXO,0
624,2025-04-19 06:00:00,EQ-003,Soja-PR,78.4,1.8,3.6,253,21.1,34.6,9.6,46,MEDIO,0
625,2025-04-19 06:45:00,EQ-005,Arroz-RS,86.7,10.7,6.5,300,23.3,14.6,7.9,50,MEDIO,0
626,2025-04-19 07:30:00,EQ-005,Arroz-RS,70.6,2.7,11.0,219,16.8,25.6,7.5,42,MEDIO,0
627,2025-04-19 08:15:00,EQ-010,Milho-GO,35.3,13.0,8.7,16,19.9,32.6,7.0,45,MEDIO,0
628,2025-04-19 09:00:00,EQ-010,Cerrado-MT,84.6,45.0,4.1,80,22.0,29.6,7.1,66,ALTO,1
629,2025-04-19 09:45:00,EQ-019,Milho-GO,49.9,0.2,0.1,203,15.6,25.7,8.6,31,BAIXO,0
630,2025-04-19 10:30:00,EQ-017,Cana-SP,30.7,18.2,8.2,111,22.9,21.4,8.3,48,MEDIO,0
631,2025-04-19 11:15:00,EQ-014,Soja-PR,35.7,7.8,4.0,60,14.7,30.1,7.8,37,MEDIO,0
632,2025-04-19 12:00:00,EQ-009,Cana-SP,46.4,29.0,15.9,210,13.9,22.1,7.6,57,ALTO,1
633,2025-04-19 12:45:00,EQ-014,Arroz-RS,56.0,5.0,0.3,117,8.8,29.6,9.6,37,MEDIO,0
634,2025-04-19 13:30:00,EQ-001,Milho-GO,51.8,15.0,10.5,90,15.0,28.8,11.8,57,ALTO,1
635,2025-04-19 14:15:00,EQ-019,Milho-GO,26.7,0.5,34.1,187,13.1,28.9,9.0,45,MEDIO,0
636,2025-04-19 15:00:00,EQ-013,Milho-GO,79.3,3.3,2.3,43,15.6,24.2,8.8,48,MEDIO,0
637,2025-04-19 15:45:00,EQ-013,Cana-SP,52.0,0.6,7.7,788,21.7,40.2,7.1,16,BAIXO,0
638,2025-04-19 16:30:00,EQ-004,Arroz-RS,40.7,29.6,1.2,607,7.6,30.1,8.6,35,MEDIO,0
639,2025-04-19 17:15:00,EQ-001,Soja-PR,77.2,13.6,11.8,369,6.2,26.3,11.4,47,MEDIO,0
640,2025-04-19 18:00:00,EQ-017,Soja-PR,31.3,15.3,9.6,34,13.5,29.6,11.1,55,ALTO,1
641,2025-04-19 18:45:00,EQ-008,Cana-SP,22.4,22.2,6.3,449,20.8,23.4,10.9,32,BAIXO,0
642,2025-04-19 19:30:00,EQ-002,Milho-GO,80.4,0.7,8.8,495,19.7,25.7,10.9,46,MEDIO,0
643,2025-04-19 20:15:00,EQ-008,Cerrado-MT,92.8,3.9,27.2,438,13.4,42.0,9.9,60,ALTO,1
644,2025-04-19 21:00:00,EQ-007,Cana-SP,45.8,0.6,2.6,36,25.0,23.4,9.8,45,MEDIO,0
645,2025-04-19 21:45:00,EQ-002,Cana-SP,54.1,1.9,0.3,310,14.0,27.5,9.5,28,BAIXO,0
646,2025-04-19 22:30:00,EQ-003,Arroz-RS,32.1,2.1,23.7,539,20.8,25.3,8.2,31,BAIXO,0
647,2025-04-19 23:15:00,EQ-018,Soja-PR,55.1,5.1,10.3,258,15.8,21.8,9.2,30,BAIXO,0
648,2025-04-20 00:00:00,EQ-012,Cana-SP,45.5,2.5,26.6,312,12.8,30.5,9.4,39,MEDIO,0
649,2025-04-20 00:45:00,EQ-001,Cana-SP,53.0,0.9,10.9,184,14.4,28.2,10.3,42,MEDIO,0
650,2025-04-20 01:30:00,EQ-012,Milho-GO,63.2,1.5,19.9,226,22.4,33.5,9.2,30,BAIXO,0
651,2025-04-20 02:15:00,EQ-005,Milho-GO,33.0,1.3,6.7,10,20.2,32.9,13.2,37,MEDIO,0
652,2025-04-20 03:00:00,EQ-017,Cerrado-MT,47.8,28.9,16.6,306,23.8,33.4,6.6,51,MEDIO,0
653,2025-04-20 03:45:00,EQ-016,Arroz-RS,18.9,11.4,29.3,25,20.2,22.5,10.5,52,MEDIO,0
654,2025-04-20 04:30:00,EQ-015,Cerrado-MT,47.9,27.5,10.2,171,8.3,31.8,8.9,65,ALTO,1
655,2025-04-20 05:15:00,EQ-015,Milho-GO,53.1,4.6,2.4,104,30.7,32.0,9.0,39,MEDIO,0
656,2025-04-20 06:00:00,EQ-005,Soja-PR,59.6,2.6,3.8,237,20.3,21.9,7.4,26,BAIXO,0
657,2025-04-20 06:45:00,EQ-014,Milho-GO,59.8,12.8,2.7,43,21.1,26.1,11.0,44,MEDIO,0
658,2025-04-20 07:30:00,EQ-002,Arroz-RS,73.1,3.2,3.4,353,15.7,19.3,10.3,29,BAIXO,0
659,2025-04-20 08:15:00,EQ-011,Milho-GO,24.2,2.8,4.4,475,24.7,32.0,10.7,27,BAIXO,0
660,2025-04-20 09:00:00,EQ-019,Arroz-RS,25.3,2.1,9.7,54,11.4,32.0,9.3,36,MEDIO,0
661,2025-04-20 09:45:00,EQ-007,Arroz-RS,65.6,1.1,10.6,33,21.7,36.6,8.4,55,ALTO,1
662,2025-04-20 10:30:00,EQ-006,Arroz-RS,14.2,2.4,6.7,47,5.5,26.6,8.9,35,MEDIO,0
663,2025-04-20 11:15:00,EQ-002,Arroz-RS,58.7,3.5,11.5,629,22.1,30.7,9.9,22,BAIXO,0
664,2025-04-20 12:00:00,EQ-006,Arroz-RS,31.4,9.0,1.0,225,11.5,33.9,5.0,29,BAIXO,0
665,2025-04-20 12:45:00,EQ-018,Soja-PR,86.5,0.5,1.1,189,19.7,23.5,10.7,57,ALTO,1
666,2025-04-20 13:30:00,EQ-002,Cerrado-MT,60.0,1.9,2.3,34,26.1,22.6,13.9,40,MEDIO,0
667,2025-04-20 14:15:00,EQ-018,Cana-SP,50.6,13.2,8.8,315,22.9,23.7,10.0,47,MEDIO,0
668,2025-04-20 15:00:00,EQ-015,Cerrado-MT,79.6,1.3,2.9,607,25.3,25.9,8.4,29,BAIXO,0
669,2025-04-20 15:45:00,EQ-019,Arroz-RS,33.7,3.4,4.0,528,24.7,22.8,8.7,21,BAIXO,0
670,2025-04-20 16:30:00,EQ-002,Soja-PR,37.5,16.0,6.1,295,14.9,23.9,10.4,36,MEDIO,0
671,2025-04-20 17:15:00,EQ-020,Milho-GO,29.8,1.3,20.0,23,21.6,33.3,8.5,51,MEDIO,0
672,2025-04-20 18:00:00,EQ-006,Soja-PR,37.7,0.7,0.2,36,7.7,27.4,10.7,42,MEDIO,0
673,2025-04-20 18:45:00,EQ-001,Arroz-RS,56.2,5.3,12.6,15,13.9,29.8,8.7,51,MEDIO,0
674,2025-04-20 19:30:00,EQ-015,Soja-PR,64.9,2.9,13.3,89,26.4,24.7,12.4,43,MEDIO,0
675,2025-04-20 20:15:00,EQ-010,Soja-PR,74.2,6.6,19.2,44,15.7,24.3,12.4,51,MEDIO,0
676,2025-04-20 21:00:00,EQ-019,Arroz-RS,18.5,13.0,32.4,90,6.8,29.7,8.3,45,MEDIO,0
677,2025-04-20 21:45:00,EQ-017,Soja-PR,51.6,1.2,0.2,146,30.1,28.8,8.8,37,MEDIO,0
678,2025-04-20 22:30:00,EQ-005,Cana-SP,32.8,7.0,2.0,859,21.4,32.7,9.0,20,BAIXO,0
679,2025-04-20 23:15:00,EQ-004,Cana-SP,50.9,5.6,26.1,283,22.6,35.8,9.0,42,MEDIO,0
680,2025-04-21 00:00:00,EQ-010,Soja-PR,100.0,1.2,7.4,540,12.1,23.9,7.1,35,MEDIO,0
681,2025-04-21 00:45:00,EQ-017,Milho-GO,60.8,7.8,10.0,372,19.7,33.2,6.8,28,BAIXO,0
682,2025-04-21 01:30:00,EQ-010,Arroz-RS,73.0,2.6,13.1,36,19.5,21.5,11.5,54,MEDIO,0
683,2025-04-21 02:15:00,EQ-017,Cana-SP,94.2,5.4,13.6,399,13.1,40.4,11.2,49,MEDIO,0
684,2025-04-21 03:00:00,EQ-020,Milho-GO,77.5,0.7,32.2,97,17.0,23.3,11.1,55,ALTO,1
685,2025-04-21 03:45:00,EQ-005,Soja-PR,46.0,4.9,69.5,306,9.0,32.1,8.9,46,MEDIO,0
686,2025-04-21 04:30:00,EQ-002,Milho-GO,29.5,2.9,15.3,125,15.9,21.5,12.8,35,MEDIO,0
687,2025-04-21 05:15:00,EQ-006,Cerrado-MT,54.4,13.8,4.1,1500,23.8,27.1,9.0,32,BAIXO,0
688,2025-04-21 06:00:00,EQ-002,Cana-SP,43.6,0.5,25.4,92,13.5,37.3,10.7,46,MEDIO,0
689,2025-04-21 06:45:00,EQ-013,Soja-PR,24.5,4.3,0.6,98,29.4,23.1,6.2,30,BAIXO,0
690,2025-04-21 07:30:00,EQ-011,Arroz-RS,59.8,4.9,3.2,801,9.4,41.2,8.5,22,BAIXO,0
691,2025-04-21 08:15:00,EQ-011,Soja-PR,60.3,10.3,27.3,10,16.4,28.0,8.7,64,ALTO,1
692,2025-04-21 09:00:00,EQ-016,Arroz-RS,90.4,6.8,3.6,358,14.1,33.9,8.9,42,MEDIO,0
693,2025-04-21 09:45:00,EQ-011,Soja-PR,47.8,8.8,3.0,388,16.9,30.4,6.3,32,BAIXO,0
694,2025-04-21 10:30:00,EQ-019,Milho-GO,60.6,12.0,1.8,543,26.2,30.7,10.4,30,BAIXO,0
695,2025-04-21 11:15:00,EQ-015,Milho-GO,41.7,15.9,23.5,1100,12.1,19.4,11.1,43,MEDIO,0
696,2025-04-21 12:00:00,EQ-016,Milho-GO,72.5,3.0,8.3,1114,15.3,25.2,7.5,32,BAIXO,0
697,2025-04-21 12:45:00,EQ-011,Cerrado-MT,52.5,6.2,13.5,20,21.9,35.2,6.7,53,MEDIO,0
698,2025-04-21 13:30:00,EQ-016,Arroz-RS,31.5,14.7,3.3,518,18.6,25.9,7.5,16,BAIXO,0
699,2025-04-21 14:15:00,EQ-008,Milho-GO,54.7,36.4,17.0,312,19.1,28.8,10.0,59,ALTO,1
700,2025-04-21 15:00:00,EQ-004,Cerrado-MT,62.8,17.6,17.1,313,12.2,18.7,7.8,49,MEDIO,0
701,2025-04-21 15:45:00,EQ-008,Arroz-RS,60.1,3.7,4.5,41,17.6,24.8,8.7,40,MEDIO,0
702,2025-04-21 16:30:00,EQ-004,Soja-PR,75.9,1.7,6.3,315,24.8,34.7,6.9,36,MEDIO,0
703,2025-04-21 17:15:00,EQ-003,Cerrado-MT,26.0,5.4,2.8,1213,8.3,20.3,13.0,14,BAIXO,0
704,2025-04-21 18:00:00,EQ-003,Cana-SP,38.1,10.8,45.0,729,13.8,32.3,9.1,45,MEDIO,0
705,2025-04-21 18:45:00,EQ-018,Cerrado-MT,67.8,5.4,12.4,173,7.1,29.1,11.3,52,MEDIO,0
706,2025-04-21 19:30:00,EQ-019,Cerrado-MT,40.5,5.3,32.7,12,21.2,26.6,10.0,52,MEDIO,0
707,2025-04-21 20:15:00,EQ-019,Arroz-RS,59.8,14.6,4.3,135,25.4,26.3,8.9,44,MEDIO,0
708,2025-04-21 21:00:00,EQ-005,Soja-PR,10.0,3.6,18.3,525,16.9,25.1,8.8,21,BAIXO,0
709,2025-04-21 21:45:00,EQ-018,Cana-SP,100.0,15.7,17.4,363,12.0,25.6,7.5,68,ALTO,1
710,2025-04-21 22:30:00,EQ-010,Milho-GO,49.6,4.2,14.1,184,12.1,33.6,8.1,45,MEDIO,0
711,2025-04-21 23:15:00,EQ-006,Milho-GO,78.9,3.2,40.4,17,16.2,25.4,7.0,70,ALTO,1
712,2025-04-22 00:00:00,EQ-001,Cerrado-MT,48.3,4.8,6.0,167,16.2,38.8,6.8,38,MEDIO,0
713,2025-04-22 00:45:00,EQ-005,Arroz-RS,63.3,11.5,1.7,190,23.5,29.8,13.2,44,MEDIO,0
714,2025-04-22 01:30:00,EQ-009,Arroz-RS,84.8,1.1,13.4,792,14.0,24.5,9.6,42,MEDIO,0
715,2025-04-22 02:15:00,EQ-012,Milho-GO,78.3,1.7,15.7,307,20.6,33.8,11.9,40,MEDIO,0
716,2025-04-22 03:00:00,EQ-014,Cana-SP,50.9,24.2,10.3,112,16.2,31.7,7.4,59,ALTO,1
717,2025-04-22 03:45:00,EQ-002,Soja-PR,52.3,1.5,2.8,224,13.5,18.1,6.5,27,BAIXO,0
718,2025-04-22 04:30:00,EQ-017,Cana-SP,75.1,6.7,8.4,21,16.0,21.8,7.0,57,ALTO,1
719,2025-04-22 05:15:00,EQ-014,Soja-PR,100.0,6.9,4.5,1079,20.0,27.3,8.2,41,MEDIO,0
720,2025-04-22 06:00:00,EQ-013,Milho-GO,58.8,5.4,6.7,134,23.5,18.5,9.1,43,MEDIO,0
721,2025-04-22 06:45:00,EQ-009,Soja-PR,94.1,8.3,12.4,195,16.5,40.5,8.7,61,ALTO,1
722,2025-04-22 07:30:00,EQ-015,Arroz-RS,50.2,2.1,16.4,132,10.8,32.9,7.5,41,MEDIO,0
723,2025-04-22 08:15:00,EQ-015,Cerrado-MT,74.0,6.4,3.2,344,24.0,27.9,9.2,36,MEDIO,0
724,2025-04-22 09:00:00,EQ-011,Cerrado-MT,77.0,3.7,6.2,326,12.6,25.9,9.4,36,MEDIO,0
725,2025-04-22 09:45:00,EQ-016,Milho-GO,46.8,8.7,3.8,377,19.6,24.4,10.4,35,MEDIO,0
726,2025-04-22 10:30:00,EQ-017,Arroz-RS,40.1,1.2,2.7,94,17.9,16.2,11.9,28,BAIXO,0
727,2025-04-22 11:15:00,EQ-004,Cana-SP,77.9,6.8,18.4,114,17.0,17.6,8.3,46,MEDIO,0
728,2025-04-22 12:00:00,EQ-001,Arroz-RS,44.4,1.6,28.8,40,15.1,39.4,11.4,56,ALTO,1
729,2025-04-22 12:45:00,EQ-008,Cerrado-MT,37.1,2.6,5.5,320,21.7,37.4,9.1,23,BAIXO,0
730,2025-04-22 13:30:00,EQ-017,Cerrado-MT,41.3,2.0,16.7,12,0.0,24.5,5.9,41,MEDIO,0
731,2025-04-22 14:15:00,EQ-003,Arroz-RS,44.3,1.6,27.3,273,24.8,33.4,12.6,37,MEDIO,0
732,2025-04-22 15:00:00,EQ-020,Arroz-RS,72.1,14.0,22.5,611,12.5,31.0,13.5,55,ALTO,1
733,2025-04-22 15:45:00,EQ-015,Cerrado-MT,65.3,2.7,2.4,664,20.4,31.7,10.2,27,BAIXO,0
734,2025-04-22 16:30:00,EQ-015,Cana-SP,69.3,21.0,37.6,179,20.1,19.4,9.2,72,ALTO,1
735,2025-04-22 17:15:00,EQ-014,Milho-GO,63.4,28.0,5.7,184,25.6,17.2,8.5,52,MEDIO,0
736,2025-04-22 18:00:00,EQ-014,Milho-GO,43.1,6.8,5.0,24,19.2,35.1,8.1,36,MEDIO,0
737,2025-04-22 18:45:00,EQ-002,Arroz-RS,68.9,1.2,0.8,333,13.0,16.1,11.4,37,MEDIO,0
738,2025-04-22 19:30:00,EQ-013,Milho-GO,78.6,3.8,8.0,517,8.4,27.1,9.0,26,BAIXO,0
739,2025-04-22 20:15:00,EQ-014,Cerrado-MT,66.7,12.8,1.4,84,15.9,25.8,12.3,49,MEDIO,0
740,2025-04-22 21:00:00,EQ-019,Cerrado-MT,64.0,3.7,3.4,164,6.3,25.2,9.1,38,MEDIO,0
741,2025-04-22 21:45:00,EQ-007,Arroz-RS,39.7,0.7,4.6,548,14.2,29.9,8.2,17,BAIXO,0
742,2025-04-22 22:30:00,EQ-003,Arroz-RS,59.2,6.5,19.9,629,16.2,23.9,7.8,24,BAIXO,0
743,2025-04-22 23:15:00,EQ-015,Arroz-RS,38.6,14.9,25.0,84,13.9,30.4,7.5,51,MEDIO,0
744,2025-04-23 00:00:00,EQ-014,Cana-SP,54.5,12.7,4.3,240,18.3,28.8,10.0,35,MEDIO,0
745,2025-04-23 00:45:00,EQ-011,Milho-GO,22.2,1.5,23.5,64,16.6,40.6,6.4,44,MEDIO,0
746,2025-04-23 01:30:00,EQ-015,Arroz-RS,22.3,8.9,23.4,32,16.0,19.7,7.4,60,ALTO,1
747,2025-04-23 02:15:00,EQ-013,Soja-PR,51.2,2.0,17.4,726,3.5,28.2,11.6,26,BAIXO,0
748,2025-04-23 03:00:00,EQ-018,Soja-PR,44.0,2.0,1.9,515,10.2,30.6,7.1,17,BAIXO,0
749,2025-04-23 03:45:00,EQ-006,Cerrado-MT,57.1,16.6,14.1,428,21.9,26.5,10.7,44,MEDIO,0
750,2025-04-23 04:30:00,EQ-003,Milho-GO,52.3,2.3,34.8,15,22.8,20.0,4.9,52,MEDIO,0
751,2025-04-23 05:15:00,EQ-019,Arroz-RS,55.6,2.4,13.8,557,7.0,35.5,11.9,30,BAIXO,0
752,2025-04-23 06:00:00,EQ-015,Soja-PR,67.2,0.0,4.8,173,13.1,30.0,6.5,44,MEDIO,0
753,2025-04-23 06:45:00,EQ-005,Milho-GO,45.7,16.4,8.3,126,24.4,20.4,7.2,54,MEDIO,0
754,2025-04-23 07:30:00,EQ-010,Cerrado-MT,50.6,12.6,12.5,237,13.7,30.6,10.4,36,MEDIO,0
755,2025-04-23 08:15:00,EQ-007,Cana-SP,84.1,7.9,8.6,29,17.3,38.2,9.5,66,ALTO,1
756,2025-04-23 09:00:00,EQ-017,Milho-GO,55.1,11.1,1.5,424,26.7,27.8,10.8,29,BAIXO,0
757,2025-04-23 09:45:00,EQ-007,Milho-GO,51.4,1.3,4.5,262,15.8,28.0,6.4,30,BAIXO,0
758,2025-04-23 10:30:00,EQ-012,Cana-SP,56.7,4.9,19.5,62,15.0,37.4,8.4,43,MEDIO,0
759,2025-04-23 11:15:00,EQ-017,Milho-GO,51.8,3.5,23.7,63,17.1,22.2,7.8,45,MEDIO,0
760,2025-04-23 12:00:00,EQ-013,Cerrado-MT,40.8,0.8,1.8,61,29.1,38.4,6.8,30,BAIXO,0
761,2025-04-23 12:45:00,EQ-020,Cerrado-MT,35.0,5.3,36.5,18,20.7,33.8,10.2,58,ALTO,1
762,2025-04-23 13:30:00,EQ-004,Cana-SP,39.7,20.3,4.8,266,18.1,22.5,10.9,39,MEDIO,0
763,2025-04-23 14:15:00,EQ-010,Arroz-RS,72.5,0.3,13.0,550,14.9,24.0,8.3,33,BAIXO,0
764,2025-04-23 15:00:00,EQ-003,Soja-PR,42.4,2.8,16.7,10,21.2,24.9,12.0,45,MEDIO,0
765,2025-04-23 15:45:00,EQ-009,Arroz-RS,51.9,1.9,20.1,15,22.0,17.0,7.4,52,MEDIO,0
766,2025-04-23 16:30:00,EQ-013,Milho-GO,69.0,2.2,35.0,255,11.6,29.6,12.0,45,MEDIO,0
767,2025-04-23 17:15:00,EQ-018,Soja-PR,49.4,19.1,4.5,514,22.1,22.7,10.1,35,MEDIO,0
768,2025-04-23 18:00:00,EQ-015,Cana-SP,67.7,5.0,23.5,119,17.1,29.8,6.6,59,ALTO,1
769,2025-04-23 18:45:00,EQ-004,Cana-SP,24.2,5.0,1.7,129,18.1,20.3,13.0,32,BAIXO,0
770,2025-04-23 19:30:00,EQ-015,Soja-PR,52.3,11.4,14.7,272,12.7,33.5,8.1,42,MEDIO,0
771,2025-04-23 20:15:00,EQ-002,Cerrado-MT,56.6,1.3,16.3,96,15.6,32.4,11.4,43,MEDIO,0
772,2025-04-23 21:00:00,EQ-015,Soja-PR,55.5,5.3,13.6,10,11.8,23.8,9.3,44,MEDIO,0
773,2025-04-23 21:45:00,EQ-008,Milho-GO,21.9,4.5,3.5,399,11.5,30.2,9.7,21,BAIXO,0
774,2025-04-23 22:30:00,EQ-008,Cerrado-MT,79.1,7.3,24.8,295,20.3,28.5,10.8,52,MEDIO,0
775,2025-04-23 23:15:00,EQ-017,Cana-SP,37.9,45.0,2.2,261,15.9,36.9,10.7,44,MEDIO,0
776,2025-04-24 00:00:00,EQ-012,Soja-PR,61.7,11.7,0.7,406,10.2,21.8,8.3,34,BAIXO,0
777,2025-04-24 00:45:00,EQ-019,Arroz-RS,55.2,4.1,15.2,337,31.1,27.1,10.1,34,BAIXO,0
778,2025-04-24 01:30:00,EQ-010,Arroz-RS,75.1,14.1,7.7,69,11.3,24.2,9.9,50,MEDIO,0
779,2025-04-24 02:15:00,EQ-009,Milho-GO,98.7,1.5,22.7,130,24.6,28.3,9.4,59,ALTO,1
780,2025-04-24 03:00:00,EQ-005,Arroz-RS,29.2,0.2,5.8,40,9.1,31.2,8.6,40,MEDIO,0
781,2025-04-24 03:45:00,EQ-006,Soja-PR,42.0,1.8,2.2,42,20.7,24.1,9.4,36,MEDIO,0
782,2025-04-24 04:30:00,EQ-020,Soja-PR,58.8,3.3,21.7,338,16.5,25.8,12.9,44,MEDIO,0
783,2025-04-24 05:15:00,EQ-002,Arroz-RS,32.9,5.7,9.6,587,14.2,33.8,8.4,15,BAIXO,0
784,2025-04-24 06:00:00,EQ-013,Soja-PR,70.6,7.6,2.5,987,19.2,36.1,11.4,34,BAIXO,0
785,2025-04-24 06:45:00,EQ-006,Milho-GO,71.9,19.3,15.3,297,18.4,31.0,7.8,52,MEDIO,0
786,2025-04-24 07:30:00,EQ-005,Cerrado-MT,66.2,5.7,8.6,61,13.1,27.2,7.2,57,ALTO,1
787,2025-04-24 08:15:00,EQ-001,Milho-GO,59.7,5.6,11.1,33,12.9,26.6,14.0,55,ALTO,1
788,2025-04-24 09:00:00,EQ-006,Milho-GO,82.4,0.4,7.4,503,8.6,31.3,10.1,33,BAIXO,0
789,2025-04-24 09:45:00,EQ-006,Soja-PR,31.9,0.3,21.2,259,19.8,29.4,10.1,38,MEDIO,0
790,2025-04-24 10:30:00,EQ-016,Cerrado-MT,56.3,6.4,21.2,289,10.5,18.1,10.2,38,MEDIO,0
791,2025-04-24 11:15:00,EQ-004,Soja-PR,40.2,4.6,14.8,456,18.0,31.4,11.8,26,BAIXO,0
792,2025-04-24 12:00:00,EQ-011,Cana-SP,72.8,14.6,1.3,364,21.6,22.8,9.8,40,MEDIO,0
793,2025-04-24 12:45:00,EQ-009,Soja-PR,18.3,1.4,21.9,540,19.2,19.5,10.6,31,BAIXO,0
794,2025-04-24 13:30:00,EQ-003,Soja-PR,54.4,0.2,13.3,17,13.7,18.0,6.9,49,MEDIO,0
795,2025-04-24 14:15:00,EQ-019,Soja-PR,61.7,4.8,14.3,413,23.5,26.7,11.0,30,BAIXO,0
796,2025-04-24 15:00:00,EQ-008,Cerrado-MT,36.1,2.2,5.4,571,15.6,21.9,8.5,17,BAIXO,0
797,2025-04-24 15:45:00,EQ-005,Soja-PR,42.5,0.4,25.4,101,10.0,14.0,10.3,43,MEDIO,0
798,2025-04-24 16:30:00,EQ-004,Cerrado-MT,55.3,10.3,15.5,307,16.3,25.8,5.6,34,BAIXO,0
799,2025-04-24 17:15:00,EQ-006,Arroz-RS,74.1,0.9,1.4,113,21.5,25.1,10.3,42,MEDIO,0
800,2025-04-24 18:00:00,EQ-002,Cana-SP,34.3,7.5,6.3,951,14.0,27.1,4.5,20,BAIXO,0
801,2025-04-24 18:45:00,EQ-020,Cerrado-MT,37.8,2.6,26.1,10,23.3,24.2,8.4,49,MEDIO,0
802,2025-04-24 19:30:00,EQ-011,Arroz-RS,77.5,1.5,0.6,260,13.4,39.0,5.6,30,BAIXO,0
803,2025-04-24 20:15:00,EQ-004,Cerrado-MT,49.5,3.8,39.1,55,14.2,31.1,10.3,52,MEDIO,0
804,2025-04-24 21:00:00,EQ-015,Cerrado-MT,39.4,12.9,13.6,374,11.7,25.0,9.1,31,BAIXO,0
805,2025-04-24 21:45:00,EQ-006,Cana-SP,69.6,4.0,12.0,58,22.1,27.6,7.5,50,MEDIO,0
806,2025-04-24 22:30:00,EQ-017,Milho-GO,45.2,11.1,3.8,81,17.7,36.5,11.9,41,MEDIO,0
807,2025-04-24 23:15:00,EQ-006,Milho-GO,75.5,1.1,3.4,205,12.1,33.7,7.2,41,MEDIO,0
808,2025-04-25 00:00:00,EQ-019,Cerrado-MT,41.7,11.9,34.2,739,15.6,19.6,2.9,35,MEDIO,0
809,2025-04-25 00:45:00,EQ-002,Soja-PR,51.8,2.2,4.3,71,0.0,22.2,10.0,32,BAIXO,0
810,2025-04-25 01:30:00,EQ-015,Arroz-RS,73.9,9.1,17.9,47,22.7,23.3,5.5,61,ALTO,1
811,2025-04-25 02:15:00,EQ-011,Soja-PR,50.5,6.7,6.0,427,17.0,25.4,7.3,24,BAIXO,0
812,2025-04-25 03:00:00,EQ-008,Soja-PR,70.1,21.2,1.8,208,3.6,24.4,8.0,49,MEDIO,0
813,2025-04-25 03:45:00,EQ-019,Cerrado-MT,53.7,3.9,0.1,728,9.3,28.2,6.2,27,BAIXO,0
814,2025-04-25 04:30:00,EQ-013,Cerrado-MT,94.6,0.5,9.4,48,15.5,32.4,8.0,67,ALTO,1
815,2025-04-25 05:15:00,EQ-012,Cerrado-MT,86.4,0.2,44.6,311,10.1,33.4,6.2,70,ALTO,1
816,2025-04-25 06:00:00,EQ-005,Cerrado-MT,28.4,14.0,5.5,80,22.8,26.0,9.3,37,MEDIO,0
817,2025-04-25 06:45:00,EQ-006,Milho-GO,65.4,6.0,5.3,51,20.5,18.2,6.5,44,MEDIO,0
818,2025-04-25 07:30:00,EQ-004,Cerrado-MT,38.7,11.9,5.1,345,20.2,21.8,9.1,25,BAIXO,0
819,2025-04-25 08:15:00,EQ-019,Milho-GO,58.8,2.1,8.8,270,2.4,24.9,11.3,34,BAIXO,0
820,2025-04-25 09:00:00,EQ-020,Milho-GO,56.4,3.4,7.0,422,14.8,20.5,10.6,27,BAIXO,0
821,2025-04-25 09:45:00,EQ-001,Cerrado-MT,33.9,0.2,25.4,111,13.8,34.8,8.8,46,MEDIO,0
822,2025-04-25 10:30:00,EQ-020,Cana-SP,76.2,26.1,8.5,178,12.3,20.9,7.0,67,ALTO,1
823,2025-04-25 11:15:00,EQ-017,Arroz-RS,59.1,8.8,8.5,156,15.5,31.7,9.3,48,MEDIO,0
824,2025-04-25 12:00:00,EQ-012,Soja-PR,49.3,21.6,1.8,1242,11.2,17.9,7.6,31,BAIXO,0
825,2025-04-25 12:45:00,EQ-015,Milho-GO,46.2,2.5,48.7,104,19.3,31.9,9.4,58,ALTO,1
826,2025-04-25 13:30:00,EQ-001,Arroz-RS,57.8,7.6,3.5,105,22.6,27.2,5.6,38,MEDIO,0
827,2025-04-25 14:15:00,EQ-014,Cana-SP,63.2,9.1,0.9,131,22.1,37.1,10.6,37,MEDIO,0
828,2025-04-25 15:00:00,EQ-006,Soja-PR,52.5,3.1,13.1,249,17.2,21.2,9.1,29,BAIXO,0
829,2025-04-25 15:45:00,EQ-005,Soja-PR,10.0,15.1,10.9,87,30.0,24.6,13.4,46,MEDIO,0
830,2025-04-25 16:30:00,EQ-011,Milho-GO,55.3,23.5,6.4,741,24.8,25.8,11.6,35,MEDIO,0
831,2025-04-25 17:15:00,EQ-004,Cerrado-MT,26.2,17.3,6.6,93,17.4,27.1,10.1,39,MEDIO,0
832,2025-04-25 18:00:00,EQ-013,Cana-SP,50.8,10.7,18.4,678,15.1,25.9,8.8,38,MEDIO,0
833,2025-04-25 18:45:00,EQ-011,Milho-GO,26.9,2.6,2.6,33,26.0,26.0,7.5,38,MEDIO,0
834,2025-04-25 19:30:00,EQ-003,Cana-SP,26.7,2.6,20.6,321,24.0,25.9,10.9,37,MEDIO,0
835,2025-04-25 20:15:00,EQ-001,Cerrado-MT,79.7,26.5,12.6,713,9.5,15.6,8.5,52,MEDIO,0
836,2025-04-25 21:00:00,EQ-006,Cerrado-MT,48.6,0.1,6.5,55,24.5,34.0,11.3,39,MEDIO,0
837,2025-04-25 21:45:00,EQ-018,Milho-GO,47.1,10.1,7.4,1036,17.1,42.0,9.8,29,BAIXO,0
838,2025-04-25 22:30:00,EQ-010,Cerrado-MT,64.7,9.8,3.6,181,12.8,29.8,9.8,39,MEDIO,0
839,2025-04-25 23:15:00,EQ-005,Arroz-RS,47.6,7.8,16.7,874,6.1,21.2,10.2,23,BAIXO,0
840,2025-04-26 00:00:00,EQ-010,Soja-PR,97.1,36.9,8.6,339,16.4,21.8,7.2,69,ALTO,1
841,2025-04-26 00:45:00,EQ-012,Milho-GO,49.5,3.0,4.6,108,17.9,31.7,7.0,34,BAIXO,0
842,2025-04-26 01:30:00,EQ-002,Cana-SP,62.3,3.3,10.9,63,27.5,30.3,6.9,40,MEDIO,0
843,2025-04-26 02:15:00,EQ-013,Arroz-RS,74.4,0.7,65.5,109,23.7,26.3,11.1,62,ALTO,1
844,2025-04-26 03:00:00,EQ-008,Milho-GO,87.0,4.7,6.9,29,14.5,32.5,7.1,60,ALTO,1
845,2025-04-26 03:45:00,EQ-002,Cerrado-MT,40.2,2.4,30.4,47,20.3,15.6,7.4,43,MEDIO,0
846,2025-04-26 04:30:00,EQ-020,Cerrado-MT,46.6,3.4,5.1,33,23.0,32.5,10.1,47,MEDIO,0
847,2025-04-26 05:15:00,EQ-001,Cerrado-MT,80.5,14.4,0.7,165,18.5,29.4,8.5,59,ALTO,1
848,2025-04-26 06:00:00,EQ-005,Cerrado-MT,71.2,21.9,2.7,476,14.5,22.0,8.2,50,MEDIO,0
849,2025-04-26 06:45:00,EQ-009,Cana-SP,76.5,1.6,6.5,46,14.8,19.4,8.1,50,MEDIO,0
850,2025-04-26 07:30:00,EQ-017,Arroz-RS,27.6,3.7,3.0,42,20.3,28.7,4.3,40,MEDIO,0
851,2025-04-26 08:15:00,EQ-009,Soja-PR,86.0,21.1,0.0,309,20.5,36.4,7.1,56,ALTO,1
852,2025-04-26 09:00:00,EQ-011,Cana-SP,39.8,0.5,29.6,66,16.2,26.6,11.4,43,MEDIO,0
853,2025-04-26 09:45:00,EQ-015,Cana-SP,58.8,0.8,22.3,31,2.3,22.9,7.9,60,ALTO,1
854,2025-04-26 10:30:00,EQ-006,Soja-PR,52.0,1.4,16.3,55,10.3,29.1,5.2,48,MEDIO,0
855,2025-04-26 11:15:00,EQ-003,Soja-PR,37.4,7.2,2.2,772,21.7,38.9,7.0,13,BAIXO,0
856,2025-04-26 12:00:00,EQ-017,Cerrado-MT,26.7,1.3,1.5,517,5.2,30.6,9.7,17,BAIXO,0
857,2025-04-26 12:45:00,EQ-005,Cana-SP,20.1,27.6,0.8,131,25.1,31.2,9.7,47,MEDIO,0
858,2025-04-26 13:30:00,EQ-012,Milho-GO,57.4,4.7,15.4,320,24.2,35.3,8.4,35,MEDIO,0
859,2025-04-26 14:15:00,EQ-018,Soja-PR,24.5,5.6,31.7,231,18.2,30.8,7.6,33,BAIXO,0
860,2025-04-26 15:00:00,EQ-014,Soja-PR,32.3,2.3,6.8,339,21.6,23.3,6.2,25,BAIXO,0
861,2025-04-26 15:45:00,EQ-011,Arroz-RS,50.6,5.1,1.5,344,21.2,17.5,9.7,27,BAIXO,0
862,2025-04-26 16:30:00,EQ-009,Milho-GO,10.0,8.7,8.6,297,17.3,22.5,10.7,34,BAIXO,0
863,2025-04-26 17:15:00,EQ-002,Milho-GO,70.6,11.1,5.1,93,9.8,21.4,11.6,54,MEDIO,0
864,2025-04-26 18:00:00,EQ-012,Soja-PR,10.0,11.2,5.6,12,23.8,32.0,6.8,40,MEDIO,0
865,2025-04-26 18:45:00,EQ-003,Cerrado-MT,53.5,6.9,11.7,182,26.4,32.8,11.7,44,MEDIO,0
866,2025-04-26 19:30:00,EQ-003,Arroz-RS,55.3,18.8,15.2,665,10.7,29.1,8.9,40,MEDIO,0
867,2025-04-26 20:15:00,EQ-001,Milho-GO,65.8,13.6,1.4,253,9.5,20.4,9.1,45,MEDIO,0
868,2025-04-26 21:00:00,EQ-008,Soja-PR,54.2,11.3,0.4,536,17.2,38.7,10.8,33,BAIXO,0
869,2025-04-26 21:45:00,EQ-008,Milho-GO,95.4,0.5,62.1,1435,14.2,25.5,7.9,57,ALTO,1
870,2025-04-26 22:30:00,EQ-011,Arroz-RS,59.3,0.1,3.2,54,18.9,31.6,4.7,29,BAIXO,0
871,2025-04-26 23:15:00,EQ-009,Arroz-RS,76.1,1.9,0.7,353,25.2,28.3,10.4,33,BAIXO,0
872,2025-04-27 00:00:00,EQ-005,Cana-SP,40.5,8.7,2.5,337,4.5,29.3,9.7,35,MEDIO,0
873,2025-04-27 00:45:00,EQ-014,Soja-PR,57.4,4.2,0.5,1173,27.5,31.4,8.3,20,BAIXO,0
874,2025-04-27 01:30:00,EQ-003,Arroz-RS,86.0,4.1,6.0,1272,15.6,23.8,10.2,42,MEDIO,0
875,2025-04-27 02:15:00,EQ-005,Cana-SP,50.2,17.3,19.5,348,21.1,35.8,10.7,46,MEDIO,0
876,2025-04-27 03:00:00,EQ-005,Cana-SP,58.8,18.1,5.0,84,21.7,18.5,6.0,48,MEDIO,0
877,2025-04-27 03:45:00,EQ-019,Milho-GO,74.6,19.2,7.0,481,22.4,21.8,9.0,52,MEDIO,0
878,2025-04-27 04:30:00,EQ-014,Milho-GO,40.2,3.0,13.5,34,18.4,35.8,4.4,44,MEDIO,0
879,2025-04-27 05:15:00,EQ-004,Cana-SP,11.8,9.4,8.5,455,19.8,31.5,8.8,36,MEDIO,0
880,2025-04-27 06:00:00,EQ-013,Milho-GO,60.1,2.5,23.7,723,19.7,42.0,8.3,36,MEDIO,0
881,2025-04-27 06:45:00,EQ-010,Arroz-RS,74.8,1.7,24.1,145,14.2,28.4,10.0,61,ALTO,1
882,2025-04-27 07:30:00,EQ-018,Cerrado-MT,28.0,1.6,0.1,299,7.5,38.2,6.9,24,BAIXO,0
883,2025-04-27 08:15:00,EQ-008,Arroz-RS,68.4,3.3,18.1,169,10.7,16.9,8.2,53,MEDIO,0
884,2025-04-27 09:00:00,EQ-008,Cana-SP,68.5,4.5,7.4,173,17.4,19.5,2.6,42,MEDIO,0
885,2025-04-27 09:45:00,EQ-007,Cana-SP,10.0,14.2,53.9,111,13.3,33.4,10.1,60,ALTO,1
886,2025-04-27 10:30:00,EQ-008,Arroz-RS,36.3,1.0,7.9,431,13.3,17.6,8.8,20,BAIXO,0
887,2025-04-27 11:15:00,EQ-014,Milho-GO,47.1,10.6,52.0,825,28.8,26.8,9.2,48,MEDIO,0
888,2025-04-27 12:00:00,EQ-019,Milho-GO,51.4,6.1,16.9,848,23.2,35.0,6.0,27,BAIXO,0
889,2025-04-27 12:45:00,EQ-006,Cana-SP,40.1,2.7,3.4,58,16.5,31.0,9.8,27,BAIXO,0
890,2025-04-27 13:30:00,EQ-001,Soja-PR,39.1,5.4,9.3,623,22.0,28.1,12.3,16,BAIXO,0
891,2025-04-27 14:15:00,EQ-015,Milho-GO,88.4,2.9,58.1,401,15.5,25.3,8.6,67,ALTO,1
892,2025-04-27 15:00:00,EQ-001,Arroz-RS,52.8,7.3,23.4,87,18.7,29.2,10.3,47,MEDIO,0
893,2025-04-27 15:45:00,EQ-017,Milho-GO,41.1,4.6,1.2,21,20.6,31.5,7.3,36,MEDIO,0
894,2025-04-27 16:30:00,EQ-001,Arroz-RS,54.2,1.4,14.7,94,15.5,24.0,8.8,39,MEDIO,0
895,2025-04-27 17:15:00,EQ-015,Cana-SP,65.7,1.0,5.1,730,13.9,30.2,5.9,29,BAIXO,0
896,2025-04-27 18:00:00,EQ-002,Milho-GO,56.0,6.3,0.1,301,25.3,34.5,10.6,26,BAIXO,0
897,2025-04-27 18:45:00,EQ-014,Arroz-RS,50.9,18.6,6.2,383,21.7,26.7,9.3,45,MEDIO,0
898,2025-04-27 19:30:00,EQ-008,Cana-SP,42.0,3.4,3.2,89,4.5,28.4,6.6,28,BAIXO,0
899,2025-04-27 20:15:00,EQ-008,Soja-PR,41.8,10.6,20.5,381,14.0,30.9,7.4,47,MEDIO,0
900,2025-04-27 21:00:00,EQ-019,Arroz-RS,43.0,8.6,4.9,10,13.3,31.3,9.1,46,MEDIO,0
901,2025-04-27 21:45:00,EQ-007,Soja-PR,61.8,21.5,21.1,141,14.3,33.3,10.8,62,ALTO,1
902,2025-04-27 22:30:00,EQ-019,Soja-PR,35.1,13.8,0.0,296,23.2,21.9,12.0,28,BAIXO,0
903,2025-04-27 23:15:00,EQ-006,Cerrado-MT,62.9,6.7,4.4,47,18.1,24.8,8.7,44,MEDIO,0
904,2025-04-28 00:00:00,EQ-006,Milho-GO,83.3,8.6,3.3,519,9.7,25.0,6.3,45,MEDIO,0
905,2025-04-28 00:45:00,EQ-003,Arroz-RS,61.5,18.3,3.2,80,15.7,22.6,9.5,52,MEDIO,0
906,2025-04-28 01:30:00,EQ-007,Soja-PR,47.6,4.1,0.8,317,21.3,17.2,12.6,28,BAIXO,0
907,2025-04-28 02:15:00,EQ-019,Cerrado-MT,29.0,3.2,2.5,156,16.7,10.0,5.8,27,BAIXO,0
908,2025-04-28 03:00:00,EQ-008,Cana-SP,86.6,0.1,9.7,272,14.1,35.2,7.1,50,MEDIO,0
909,2025-04-28 03:45:00,EQ-010,Arroz-RS,31.6,14.0,4.1,34,20.0,18.7,10.2,42,MEDIO,0
910,2025-04-28 04:30:00,EQ-020,Soja-PR,72.0,12.9,6.5,10,27.7,37.4,9.3,48,MEDIO,0
911,2025-04-28 05:15:00,EQ-015,Milho-GO,67.8,0.9,5.7,721,20.8,32.4,7.9,31,BAIXO,0
912,2025-04-28 06:00:00,EQ-015,Cerrado-MT,50.3,6.9,25.0,94,25.8,25.6,9.4,47,MEDIO,0
913,2025-04-28 06:45:00,EQ-001,Soja-PR,49.7,5.0,28.3,514,14.5,31.7,11.0,34,BAIXO,0
914,2025-04-28 07:30:00,EQ-020,Milho-GO,18.3,1.0,8.1,1500,17.9,30.6,8.8,22,BAIXO,0
915,2025-04-28 08:15:00,EQ-007,Soja-PR,61.6,31.5,4.8,71,17.8,21.4,8.6,52,MEDIO,0
916,2025-04-28 09:00:00,EQ-004,Arroz-RS,67.4,1.9,1.4,92,18.7,27.9,10.2,44,MEDIO,0
917,2025-04-28 09:45:00,EQ-006,Arroz-RS,33.2,0.6,36.8,326,20.6,22.1,8.5,35,MEDIO,0
918,2025-04-28 10:30:00,EQ-001,Arroz-RS,51.9,7.2,0.7,1010,12.5,31.9,11.3,19,BAIXO,0
919,2025-04-28 11:15:00,EQ-005,Cerrado-MT,55.8,10.7,4.2,742,21.9,23.7,13.1,28,BAIXO,0
920,2025-04-28 12:00:00,EQ-001,Arroz-RS,66.7,0.3,4.2,210,8.2,27.4,7.2,30,BAIXO,0
921,2025-04-28 12:45:00,EQ-004,Milho-GO,55.1,8.6,4.6,476,10.0,27.2,6.5,34,BAIXO,0
922,2025-04-28 13:30:00,EQ-002,Soja-PR,22.5,6.1,2.2,44,30.8,28.7,9.7,38,MEDIO,0
923,2025-04-28 14:15:00,EQ-010,Cana-SP,44.4,0.9,18.3,1137,14.9,38.0,6.4,22,BAIXO,0
924,2025-04-28 15:00:00,EQ-005,Milho-GO,59.5,1.5,1.6,1000,22.4,26.6,6.4,24,BAIXO,0
925,2025-04-28 15:45:00,EQ-010,Milho-GO,71.8,6.7,12.1,54,28.2,35.3,4.9,53,MEDIO,0
926,2025-04-28 16:30:00,EQ-001,Arroz-RS,42.6,2.8,1.6,107,4.1,30.9,8.2,29,BAIXO,0
927,2025-04-28 17:15:00,EQ-006,Cerrado-MT,98.8,22.3,0.9,32,24.8,36.5,8.9,75,CRITICO,1
928,2025-04-28 18:00:00,EQ-013,Soja-PR,17.1,13.7,28.8,95,21.9,26.0,8.0,49,MEDIO,0
929,2025-04-28 18:45:00,EQ-015,Cerrado-MT,43.7,32.9,2.5,508,27.8,32.2,11.8,34,BAIXO,0
930,2025-04-28 19:30:00,EQ-004,Soja-PR,53.3,2.4,20.7,143,10.9,27.6,11.6,48,MEDIO,0
931,2025-04-28 20:15:00,EQ-013,Soja-PR,51.0,28.0,9.4,28,26.7,10.1,12.9,70,ALTO,1
932,2025-04-28 21:00:00,EQ-020,Cerrado-MT,30.4,4.5,1.0,126,13.6,21.5,9.1,33,BAIXO,0
933,2025-04-28 21:45:00,EQ-015,Milho-GO,64.0,3.4,37.3,1195,24.3,31.5,11.4,36,MEDIO,0
934,2025-04-28 22:30:00,EQ-008,Soja-PR,62.4,0.4,3.4,298,17.8,31.1,9.6,25,BAIXO,0
935,2025-04-28 23:15:00,EQ-005,Cerrado-MT,56.0,0.4,23.6,161,22.6,20.2,9.4,54,MEDIO,0
936,2025-04-29 00:00:00,EQ-015,Soja-PR,61.6,9.4,2.2,55,18.3,29.3,8.1,37,MEDIO,0
937,2025-04-29 00:45:00,EQ-004,Cana-SP,46.5,4.9,23.1,1284,7.0,31.0,4.5,33,BAIXO,0
938,2025-04-29 01:30:00,EQ-012,Milho-GO,22.7,2.1,0.2,516,0.0,27.8,10.3,18,BAIXO,0
939,2025-04-29 02:15:00,EQ-013,Arroz-RS,40.7,7.6,8.6,99,19.3,32.4,11.3,41,MEDIO,0
940,2025-04-29 03:00:00,EQ-002,Soja-PR,58.1,2.3,17.6,22,16.4,31.6,5.9,50,MEDIO,0
941,2025-04-29 03:45:00,EQ-019,Cana-SP,58.3,6.9,32.8,17,20.4,27.8,9.0,57,ALTO,1
942,2025-04-29 04:30:00,EQ-019,Arroz-RS,55.8,3.6,28.8,38,16.5,24.9,11.0,56,ALTO,1
943,2025-04-29 05:15:00,EQ-004,Arroz-RS,66.0,13.9,20.6,261,30.1,34.3,8.3,57,ALTO,1
944,2025-04-29 06:00:00,EQ-004,Soja-PR,43.4,13.7,26.3,793,19.4,30.8,11.4,36,MEDIO,0
945,2025-04-29 06:45:00,EQ-011,Cerrado-MT,55.5,5.2,2.7,206,15.3,19.7,8.7,25,BAIXO,0
946,2025-04-29 07:30:00,EQ-005,Soja-PR,66.4,3.5,4.0,555,20.0,29.3,7.9,29,BAIXO,0
947,2025-04-29 08:15:00,EQ-020,Cana-SP,53.3,3.6,4.1,177,15.4,21.1,11.5,33,BAIXO,0
948,2025-04-29 09:00:00,EQ-011,Arroz-RS,30.1,13.1,5.7,370,18.6,22.2,7.1,28,BAIXO,0
949,2025-04-29 09:45:00,EQ-010,Soja-PR,35.8,3.2,6.0,395,10.7,24.1,7.6,22,BAIXO,0
950,2025-04-29 10:30:00,EQ-008,Cerrado-MT,71.6,1.9,9.4,57,17.9,28.3,7.2,54,MEDIO,0
951,2025-04-29 11:15:00,EQ-006,Soja-PR,82.8,0.7,2.1,134,15.1,30.2,6.7,49,MEDIO,0
952,2025-04-29 12:00:00,EQ-006,Milho-GO,78.5,5.0,14.1,304,11.3,25.5,9.3,41,MEDIO,0
953,2025-04-29 12:45:00,EQ-008,Cerrado-MT,59.6,5.3,2.2,22,29.9,25.8,8.0,46,MEDIO,0
954,2025-04-29 13:30:00,EQ-015,Cana-SP,30.9,14.7,4.5,135,11.5,25.0,10.0,41,MEDIO,0
955,2025-04-29 14:15:00,EQ-014,Arroz-RS,54.9,2.0,8.4,230,18.0,34.3,5.5,35,MEDIO,0
956,2025-04-29 15:00:00,EQ-011,Soja-PR,86.2,3.8,19.1,1500,13.2,10.9,6.8,42,MEDIO,0
957,2025-04-29 15:45:00,EQ-012,Cerrado-MT,67.4,13.2,16.1,193,19.8,26.1,9.1,54,MEDIO,0
958,2025-04-29 16:30:00,EQ-013,Milho-GO,50.9,13.9,12.4,508,10.4,37.3,11.9,28,BAIXO,0
959,2025-04-29 17:15:00,EQ-008,Cerrado-MT,67.6,3.9,2.0,170,23.0,31.1,9.8,41,MEDIO,0
960,2025-04-29 18:00:00,EQ-018,Milho-GO,29.6,4.9,9.5,477,30.2,35.6,7.8,28,BAIXO,0
961,2025-04-29 18:45:00,EQ-001,Cana-SP,41.1,2.9,1.1,271,13.0,15.8,6.0,21,BAIXO,0
962,2025-04-29 19:30:00,EQ-015,Arroz-RS,33.3,21.6,5.7,653,25.3,20.5,7.7,31,BAIXO,0
963,2025-04-29 20:15:00,EQ-008,Cana-SP,64.4,1.0,6.4,159,15.7,31.1,8.9,35,MEDIO,0
964,2025-04-29 21:00:00,EQ-011,Soja-PR,69.3,21.7,0.5,278,27.0,37.3,4.3,47,MEDIO,0
965,2025-04-29 21:45:00,EQ-012,Cerrado-MT,51.9,9.2,3.8,298,31.1,21.2,6.6,35,MEDIO,0
966,2025-04-29 22:30:00,EQ-012,Milho-GO,37.5,6.1,37.4,162,16.6,25.7,7.5,51,MEDIO,0
967,2025-04-29 23:15:00,EQ-004,Milho-GO,54.6,0.3,36.9,47,8.9,30.4,8.5,56,ALTO,1
968,2025-04-30 00:00:00,EQ-016,Cerrado-MT,45.3,5.2,5.2,29,23.7,19.3,8.9,43,MEDIO,0
969,2025-04-30 00:45:00,EQ-004,Cerrado-MT,39.1,4.2,0.5,10,19.3,31.1,7.8,39,MEDIO,0
970,2025-04-30 01:30:00,EQ-005,Soja-PR,61.8,1.4,2.4,620,21.0,11.9,10.0,20,BAIXO,0
971,2025-04-30 02:15:00,EQ-005,Cana-SP,39.8,8.5,6.0,81,16.0,31.0,9.2,39,MEDIO,0
972,2025-04-30 03:00:00,EQ-008,Milho-GO,23.7,28.4,35.4,71,12.7,22.0,8.3,60,ALTO,1
973,2025-04-30 03:45:00,EQ-010,Soja-PR,28.1,6.6,1.8,400,25.0,25.3,10.3,20,BAIXO,0
974,2025-04-30 04:30:00,EQ-017,Cana-SP,22.9,10.0,17.3,116,19.9,31.9,10.1,41,MEDIO,0
975,2025-04-30 05:15:00,EQ-009,Soja-PR,60.0,0.6,1.4,212,9.3,30.7,6.1,28,BAIXO,0
976,2025-04-30 06:00:00,EQ-019,Milho-GO,58.0,4.3,47.7,53,22.1,28.0,8.9,51,MEDIO,0
977,2025-04-30 06:45:00,EQ-014,Cerrado-MT,57.0,1.0,5.8,964,20.9,33.8,10.8,26,BAIXO,0
978,2025-04-30 07:30:00,EQ-008,Cerrado-MT,66.8,7.6,17.9,572,16.0,17.8,11.1,37,MEDIO,0
979,2025-04-30 08:15:00,EQ-009,Cana-SP,78.8,22.3,5.0,598,27.7,29.2,9.7,47,MEDIO,0
980,2025-04-30 09:00:00,EQ-011,Arroz-RS,43.2,8.7,11.9,157,14.3,23.3,8.5,46,MEDIO,0
981,2025-04-30 09:45:00,EQ-001,Cana-SP,63.1,0.6,2.6,431,17.0,33.5,9.8,25,BAIXO,0
982,2025-04-30 10:30:00,EQ-014,Arroz-RS,23.4,3.5,1.9,47,22.6,32.1,10.6,29,BAIXO,0
983,2025-04-30 11:15:00,EQ-005,Soja-PR,82.6,6.4,33.4,10,18.5,32.3,9.2,75,CRITICO,1
984,2025-04-30 12:00:00,EQ-014,Soja-PR,30.1,4.1,30.0,10,9.7,37.9,9.5,50,MEDIO,0
985,2025-04-30 12:45:00,EQ-004,Milho-GO,40.8,14.3,26.2,265,19.1,34.8,8.5,38,MEDIO,0
986,2025-04-30 13:30:00,EQ-001,Arroz-RS,43.0,13.5,11.8,182,15.5,27.1,6.3,43,MEDIO,0
987,2025-04-30 14:15:00,EQ-019,Milho-GO,24.5,7.6,19.8,219,23.1,28.0,8.7,35,MEDIO,0
988,2025-04-30 15:00:00,EQ-008,Cerrado-MT,55.7,3.7,0.9,10,18.9,31.6,7.6,42,MEDIO,0
989,2025-04-30 15:45:00,EQ-015,Arroz-RS,59.3,2.4,4.9,165,18.6,28.8,7.7,38,MEDIO,0
990,2025-04-30 16:30:00,EQ-015,Cana-SP,51.2,0.9,4.5,380,11.7,32.2,11.9,25,BAIXO,0
991,2025-04-30 17:15:00,EQ-009,Cerrado-MT,24.2,3.5,12.1,175,16.6,14.6,10.9,30,BAIXO,0
992,2025-04-30 18:00:00,EQ-009,Cerrado-MT,94.7,4.3,5.3,395,23.8,39.3,5.6,45,MEDIO,0
993,2025-04-30 18:45:00,EQ-010,Cana-SP,66.0,9.0,1.9,80,13.3,28.4,6.8,51,MEDIO,0
994,2025-04-30 19:30:00,EQ-020,Cerrado-MT,100.0,8.6,10.9,503,17.8,18.3,8.3,47,MEDIO,0
995,2025-04-30 20:15:00,EQ-009,Arroz-RS,38.9,0.6,20.2,266,12.4,22.5,7.7,41,MEDIO,0
996,2025-04-30 21:00:00,EQ-003,Milho-GO,74.2,4.0,5.8,71,10.9,15.2,9.6,38,MEDIO,0
997,2025-04-30 21:45:00,EQ-020,Cerrado-MT,70.6,1.6,1.7,81,17.5,21.5,6.5,40,MEDIO,0
998,2025-04-30 22:30:00,EQ-011,Arroz-RS,49.2,1.4,2.6,297,19.0,27.1,10.9,26,BAIXO,0
999,2025-04-30 23:15:00,EQ-006,Soja-PR,83.2,14.0,3.3,531,30.0,37.1,8.9,41,MEDIO,0
1000,2025-05-01 00:00:00,EQ-002,Arroz-RS,46.9,0.3,4.3,161,15.3,30.5,8.3,40,MEDIO,0
